Test_ID,Applied_Voltage_kV,Load_Current_A,Ambient_Temperature_C,Test_Duration_min,Sensor_S1,Sensor_S2,Sensor_S3,Sensor_S4,Reference_Parameter,Validity_Label,S2_S1_residual,S3_S1_residual,S3_S2_residual,Reference_Current_residual,S2_S1_residual_abs,S3_S1_residual_abs,S3_S2_residual_abs,S2_minus_S1,S3_minus_S1,S3_minus_S2,Voltage_Current,Sensor_S1_missing,Sensor_S2_missing,Sensor_S3_missing,Sensor_S4_missing
TRN-0889,16.7196,93.1228,33.3421,19.9546,13.6343,15.1361,16.5062,62.9115,34.8501,Valid,1.3888781185432855,-0.6144740753254574,-2.3906653261946182,-2.0599382371992405,1.3888781185432855,0.6144740753254574,2.3906653261946182,1.5018000000000011,2.8719,1.370099999999999,1556.97596688,0,0,0,0
TRN-0820,21.4477,82.523,34.4915,47.0553,15.6466,15.9849,19.3289,39.8667,30.4762,Valid,0.5103945495608748,-0.35813037287775273,-0.6326767331712624,0.3204704006741572,0.5103945495608748,0.35813037287775273,0.6326767331712624,0.33830000000000027,3.6823000000000015,3.344000000000001,1769.9285471,0,0,0,0
TRN-0411,19.2432,107.3619,29.4673,5.2763,15.108,16.6481,18.3834,44.539,46.8046,Valid,1.6344295398934605,-0.6155966226752199,-2.4099821451289927,-2.7753506336569984,1.6344295398934605,0.6155966226752199,2.4099821451289927,1.540099999999999,3.275400000000001,1.7353000000000023,2065.9865140800002,0,0,0,0
TRN-0754,22.7191,69.969,26.9695,20.3051,14.9296,14.7026,18.6269,44.2673,23.7153,Valid,-0.15819011081681822,-0.14438327177560595,0.2738575270042105,-0.853924841800147,0.15819011081681822,0.14438327177560595,0.2738575270042105,-0.2270000000000003,3.6972999999999985,3.924299999999999,1589.6327079,0,0,0,0
TRN-0707,13.5008,108.8999,35.5415,29.1939,12.6845,15.2455,14.6132,44.072,48.5994,Valid,2.3187943481996705,-1.300196137189884,-4.420901300723807,-2.6277747560970326,2.3187943481996705,1.300196137189884,4.420901300723807,2.561,1.928700000000001,-0.632299999999999,1470.23576992,0,0,0,0
TRN-0140,13.4841,75.9719,25.2769,59.8003,11.3356,12.4198,13.764,,22.9154,Valid,0.6641649926079793,-0.439274754362744,-1.7247010592429088,-4.032322083065818,0.6641649926079793,0.439274754362744,1.7247010592429088,1.084200000000001,2.4284,1.344199999999999,1024.4126967900002,0,0,0,1
TRN-0881,21.5217,69.0397,30.813,17.2425,14.6484,14.5557,18.4782,54.8324,24.2957,Valid,-0.06387417414129537,0.06566070792602119,0.3094506263211052,0.051062878489151586,0.06387417414129537,0.06566070792602119,0.3094506263211052,-0.09270000000000067,3.8298000000000005,3.922500000000001,1485.8517114899998,0,0,0,0
TRN-0381,27.5517,31.9359,38.4775,36.8148,15.6381,13.8904,20.6009,46.5897,20.8262,Valid,-1.5768411083999325,0.924734401651456,3.266852299932541,3.0886242795860746,1.5768411083999325,0.924734401651456,3.266852299932541,-1.7477,4.9628,6.7105,879.88833603,0,0,0,0
TRN-0095,27.0232,98.1134,49.9673,29.2064,18.5386,19.0188,22.7145,43.2755,51.1599,Valid,1.0883417366812367,-0.6811408820790277,-1.0516079986296276,10.314530727420262,1.0883417366812367,0.6811408820790277,1.0516079986296276,0.48019999999999996,4.175900000000002,3.695700000000002,2651.3380308799997,0,0,0,0
TRN-0135,23.8796,37.0768,27.7869,13.8211,4.7556,12.2665,17.5003,34.8471,18.4965,Invalid,6.320635263777939,11.564253408611478,2.2039871658004007,0.33877447145501804,6.320635263777939,11.564253408611478,2.2039871658004007,7.5109,12.744699999999998,5.233799999999999,885.37915328,0,0,0,0
TRN-0633,27.3166,35.2106,18.0,41.4065,15.4562,13.3195,20.1433,61.2734,18.9191,Valid,-1.9922196436256634,0.6995909034781818,3.525583897918864,0.92147392179983,1.9922196436256634,0.6995909034781818,3.525583897918864,-2.136700000000001,4.687099999999999,6.8238,961.83387596,0,0,0,0
TRN-0138,17.7127,48.0925,30.733,23.2218,11.7089,11.4861,14.8118,65.0676,17.5449,Valid,-0.5943005224846818,0.13578172805953415,0.49494112859175665,-1.848372261234843,0.5943005224846818,0.13578172805953415,0.49494112859175665,-0.22279999999999944,3.1029,3.3256999999999994,851.8480247500001,0,0,0,0
TRN-0591,10.2728,88.373,37.5953,58.4948,10.6857,12.8873,12.4997,83.903,31.5651,Valid,1.698307727894008,-0.8815014031278601,-3.575676234984641,-2.062105014293337,1.698307727894008,0.8815014031278601,3.575676234984641,2.201599999999999,1.814,-0.38759999999999906,907.8381544,0,0,0,0
TRN-0262,30.7232,28.9017,38.9336,45.1598,17.0465,14.7144,22.609,53.4406,22.15,Valid,-1.9528254488801107,1.1297773989954578,4.241154037146682,4.637445947575976,1.9528254488801107,1.1297773989954578,4.241154037146682,-2.3321000000000023,5.5625,7.894600000000002,887.95270944,0,0,0,0
TRN-0729,27.8122,59.7061,25.295,56.0876,17.8995,16.2175,22.741,53.7565,22.7879,Valid,-1.172903200023299,0.16698606305790875,2.487679908061402,1.2324733143622808,1.172903200023299,0.16698606305790875,2.487679908061402,-1.6819999999999986,4.8415,6.5234999999999985,1660.55799442,0,0,0,0
TRN-0307,30.2039,105.7357,25.4332,14.8461,20.5299,20.3649,25.1377,39.4088,47.2164,Valid,0.7615063752346956,-0.8254685398474777,-0.31587121422518294,-0.6842078919303063,0.7615063752346956,0.8254685398474777,0.31587121422518294,-0.1650000000000027,4.6077999999999975,4.7728,3193.63050923,0,0,0,0
TRN-0091,13.8779,70.3753,33.7208,28.7584,10.7783,12.0405,12.8023,60.3125,23.2446,Valid,0.7706743355783789,-0.6959592424357819,-2.2103795878689407,-1.4700611198213558,0.7706743355783789,0.6959592424357819,2.2103795878689407,1.2622,2.024000000000001,0.7618000000000009,976.6613758699999,0,0,0,0
TRN-0542,29.8252,29.6371,52.0927,40.8807,16.4051,14.7736,21.9869,50.5573,29.9678,Valid,-1.3480569353461629,1.329513879829424,3.5447860771626942,12.401643672222246,1.3480569353461629,1.329513879829424,3.5447860771626942,-1.6315000000000008,5.581799999999998,7.2132999999999985,883.93243492,0,0,0,0
TRN-0937,18.9717,104.0403,31.8576,48.305,15.2581,16.7679,18.2016,48.5457,45.3832,Valid,1.6256928425214259,-0.9890580031965079,-2.7420300772393063,-0.8334683911132075,1.6256928425214259,0.9890580031965079,2.7420300772393063,1.5098000000000003,2.9434999999999985,1.4336999999999982,1973.8213595099999,0,0,0,0
TRN-0092,22.8334,18.3011,31.7408,26.9067,12.3229,10.8597,16.5175,28.9254,17.4823,Valid,-1.7537417534829505,1.0630486142919864,2.9868978419092382,0.7576797307192038,1.7537417534829505,1.0630486142919864,2.9868978419092382,-1.4632000000000005,4.194599999999998,5.657799999999998,417.87633674000006,0,0,0,0
TRN-0268,31.5596,18.2128,38.845,24.4453,16.4547,13.878,22.1,70.4553,20.7222,Valid,-2.285900910295105,1.3791026750447806,4.7815104351640905,4.0048014224277715,2.285900910295105,1.3791026750447806,4.7815104351640905,-2.576699999999999,5.645300000000002,8.222000000000001,574.78868288,0,0,0,0
TRN-0782,16.2048,93.1196,42.8621,12.8741,13.1151,14.8764,15.7166,32.2974,36.8118,Valid,1.5772896064109148,-0.7438053259057718,-2.8544776630781783,-0.09587845924048821,1.5772896064109148,0.7438053259057718,2.8544776630781783,1.7613000000000003,2.6014999999999997,0.8401999999999994,1508.9844940799999,0,0,0,0
TRN-0919,22.6926,50.8001,43.6073,31.9818,14.0837,13.6443,18.1982,49.2786,21.2594,Valid,-0.4899791128691984,0.5053978104964614,1.1729365141135233,1.457435916975939,0.4899791128691984,0.5053978104964614,1.1729365141135233,-0.4394000000000009,4.1145,4.5539000000000005,1152.78634926,0,0,0,0
TRN-0053,26.4931,101.8024,42.852,30.4912,18.56,19.2644,22.9828,68.2684,48.1264,Valid,1.31588455765527,-0.44037299412301323,-1.091216204349987,4.030433783071331,1.31588455765527,0.44037299412301323,1.091216204349987,0.7043999999999997,4.422800000000002,3.7184000000000026,2697.06116344,0,0,0,0
TRN-0408,31.1979,55.0224,21.7758,25.6304,18.3841,16.3698,23.7608,30.0802,22.1385,Valid,-1.4302415335771208,0.5638916968252303,3.3164600060254763,1.5903034354942136,1.4302415335771208,0.5638916968252303,3.3164600060254763,-2.0142999999999986,5.3767,7.390999999999998,1716.58333296,0,0,0,0
TRN-0501,14.229,84.784,39.199,37.0993,11.9475,13.5096,14.4506,42.1564,30.3824,Valid,1.2218930746413381,-0.5277884073864136,-2.4056491718523088,-1.0435960621592564,1.2218930746413381,0.5277884073864136,2.4056491718523088,1.562100000000001,2.5031,0.940999999999999,1206.391536,0,0,0,0
TRN-0311,20.0873,84.2981,33.9545,11.1637,14.4518,15.2547,17.5092,45.2027,29.9962,Valid,0.803946169996415,-0.6526594148646296,-1.536442066007222,-1.1493912522849037,0.803946169996415,0.6526594148646296,1.536442066007222,0.8028999999999993,3.0573999999999995,2.2545,1693.32122413,0,0,0,0
TRN-0562,30.7015,55.1126,37.3272,53.9099,18.3063,16.9658,23.7367,31.425,23.8068,Valid,-0.7685352204334066,0.6398395276122741,2.544878300987282,3.2410776361510827,0.7685352204334066,0.6398395276122741,2.544878300987282,-1.3404999999999987,5.430399999999999,6.7708999999999975,1692.0394889,0,0,0,0
TRN-0126,27.1839,35.792,32.8674,28.726,15.6886,13.7668,20.7464,46.0688,20.623,Valid,-1.743595893600201,1.0056818168388162,3.5674330715348184,2.576566638324376,1.743595893600201,1.0056818168388162,3.5674330715348184,-1.9217999999999993,5.057800000000002,6.979600000000001,972.9661488,0,0,0,0
TRN-0676,28.9435,99.9672,33.2564,54.1579,20.242,19.9359,25.0693,38.6309,45.2288,Valid,0.5734636107066429,-0.5219548047555023,0.1534836587918882,2.7874004374463794,0.5734636107066429,0.5219548047555023,0.1534836587918882,-0.3061000000000007,4.8272999999999975,5.133399999999998,2893.4006532000003,0,0,0,0
TRN-0360,31.1338,64.9587,39.5961,9.0647,18.6229,17.3282,24.1833,48.479,28.4009,Valid,-0.6733801660491672,0.6791955762136936,2.537002006534564,5.45446735324612,0.6733801660491672,0.6791955762136936,2.537002006534564,-1.2947000000000024,5.560399999999998,6.8551,2022.41117406,0,0,0,0
TRN-0367,24.0314,97.8945,45.1767,31.2893,17.3437,18.1727,21.6014,52.8876,45.131,Valid,1.2531990307317074,-0.25902998461873494,-1.1038671955834616,4.46918518924803,1.2531990307317074,0.25902998461873494,1.1038671955834616,0.8290000000000006,4.257700000000003,3.4287000000000027,2352.5418873,0,0,0,0
TRN-0405,24.6143,33.6779,42.1612,26.794,14.0177,13.065,18.7117,,20.1763,Valid,-1.0124820851734349,1.102958258680669,2.4133352516290962,2.3032473992363798,1.0124820851734349,1.102958258680669,2.4133352516290962,-0.9527000000000001,4.694000000000001,5.646700000000001,828.95793397,0,0,0,1
TRN-0868,28.3339,101.6303,50.6215,7.7931,19.0319,19.8449,23.5519,54.1915,55.1412,Valid,1.4986322817107371,-0.47872853518765623,-1.2498426685134447,11.203596529834222,1.4986322817107371,0.47872853518765623,1.2498426685134447,0.8129999999999988,4.52,3.7070000000000007,2879.58275717,0,0,0,0
TRN-0020,9.4876,21.4776,37.3279,15.6388,6.1571,6.5039,8.2616,52.9346,13.5381,Valid,-0.6929362237959698,0.5750932986261512,0.20043818461438967,-3.435233364125434,0.6929362237959698,0.5750932986261512,0.20043818461438967,0.3468,2.1045,1.7576999999999998,203.77087776,0,0,0,0
TRN-0316,22.2248,47.0868,39.5367,20.27,13.0209,12.675,16.6458,61.0745,19.7399,Valid,-0.5427005079214791,0.30510632319801445,0.8368382121397566,0.48601063549502044,0.5427005079214791,0.30510632319801445,0.8368382121397566,-0.34589999999999854,3.624900000000002,3.9708000000000006,1046.4947126399998,0,0,0,0
TRN-0067,30.9408,29.3598,18.0356,35.4607,16.7021,13.7519,21.9045,43.0005,19.7801,Valid,-2.6225728324630495,0.8667095470790649,4.744228278026544,2.2342096935276174,2.6225728324630495,0.8667095470790649,4.744228278026544,-2.9502000000000024,5.202399999999997,8.1526,908.41569984,0,0,0,0
TRN-0317,25.933,70.3816,24.6378,10.6208,16.6609,15.9391,20.9687,48.0101,24.0015,Valid,-0.40032171592899957,-0.016305443559986088,1.0645700647237355,-0.7154332732107882,0.40032171592899957,0.016305443559986088,1.0645700647237355,-0.7218000000000018,4.307799999999997,5.0295999999999985,1825.2060328000002,0,0,0,0
TRN-0087,17.6142,31.0902,47.58,51.1189,10.8589,10.9508,3.2181,51.1091,20.3176,Invalid,-0.3893578707305352,-10.38206762119332,-10.426855389068784,2.643902270785251,0.3893578707305352,10.38206762119332,10.426855389068784,0.09189999999999898,-7.6408000000000005,-7.7326999999999995,547.62900084,0,0,0,0
TRN-0801,11.2999,91.5588,48.8199,21.2042,10.7983,13.3691,12.9707,43.4485,39.321,Valid,2.0818199164626527,-0.552844943035451,-3.709253687796135,3.5401145448722176,2.0818199164626527,0.552844943035451,3.709253687796135,2.5708,2.1724000000000014,-0.39839999999999876,1034.60528412,0,0,0,0
TRN-0012,30.2939,43.3171,28.5824,30.3499,17.0338,15.1496,22.2573,38.2619,21.3846,Valid,-1.506837834425255,0.7943615717536545,3.343499582424009,2.6000219094398105,1.506837834425255,0.7943615717536545,3.343499582424009,-1.8841999999999999,5.223500000000001,7.107700000000001,1312.24389569,0,0,0,0
TRN-0578,30.4866,60.5018,36.4074,15.0767,18.0583,16.8822,23.2278,38.5682,23.1545,Valid,-0.6425352105889992,0.44974217853149767,2.1408223710164798,1.40708876486665,0.6425352105889992,0.44974217853149767,2.1408223710164798,-1.1760999999999981,5.169499999999999,6.3455999999999975,1844.49417588,0,0,0,0
TRN-0859,16.4487,20.9785,23.3935,58.5618,9.8089,8.7051,12.9031,61.0478,15.4105,Valid,-1.7169224997425836,0.6290630518179814,2.0775142109347353,-1.5249979986062758,1.7169224997425836,0.6290630518179814,2.0775142109347353,-1.1037999999999997,3.0942000000000007,4.198,345.06905294999996,0,0,0,0
TRN-0533,17.5311,72.927,28.746,36.0802,12.6016,13.0752,,56.541,23.5153,Invalid,0.22026981098512444,,,-2.1632175852581597,0.22026981098512444,,,0.47360000000000113,,,1278.4905297,0,0,1,0
TRN-0967,26.4104,30.8751,38.339,14.2777,14.5452,13.0594,19.2013,49.5647,19.7664,Valid,-1.4715743374420835,0.9203623417859603,2.9099623734269535,2.108783929959447,1.4715743374420835,0.9203623417859603,2.9099623734269535,-1.4857999999999993,4.6561,6.1419,815.42374104,0,0,0,0
TRN-0788,20.1531,58.459,22.9316,43.5898,13.2875,12.8528,16.6355,61.1192,18.6948,Valid,-0.595216926806021,-0.0440613555812881,0.6034171035047997,-2.57236079205029,0.595216926806021,0.0440613555812881,0.6034171035047997,-0.4346999999999994,3.3480000000000008,3.7827,1178.1300729,0,0,0,0
TRN-0700,24.4753,49.2252,36.9219,22.1919,14.2996,13.6599,18.5642,60.5208,20.5104,Valid,-0.6600608125839713,0.5963309625107414,1.5193626941420817,0.9522785021479407,0.6600608125839713,0.5963309625107414,1.5193626941420817,-0.6396999999999995,4.2646,4.904299999999999,1204.80153756,0,0,0,0
TRN-0151,25.549,19.7697,34.1753,21.4309,13.6684,11.704,18.6616,46.3824,18.466,Valid,-2.0726177701332062,1.4975337555798838,4.071250574658823,1.6239068248193362,2.0726177701332062,1.4975337555798838,4.071250574658823,-1.9643999999999995,4.9932,6.957599999999999,505.0960653,0,0,0,0
TRN-0236,22.9858,28.4295,35.2647,27.6778,12.9089,11.5537,17.0815,35.1347,18.4935,Valid,-1.5671643980822534,0.8831055219549135,2.6797940887487197,1.0151479781616395,1.5671643980822534,0.8831055219549135,2.6797940887487197,-1.3552,4.172599999999999,5.527799999999999,653.4748011,0,0,0,0
TRN-0130,27.9593,15.8726,33.4249,45.782,14.8659,12.4537,20.2947,51.5568,19.0968,Valid,-2.3524734875009994,1.6047025718930072,4.76345576272017,2.5784592504878354,2.3524734875009994,1.6047025718930072,4.76345576272017,-2.4122000000000003,5.428799999999999,7.840999999999999,443.78678518,0,0,0,0
TRN-0558,10.8607,21.0036,44.5708,31.3091,6.8793,7.0831,9.3319,47.3849,15.0884,Valid,-0.7555097799344024,0.741172653981824,0.5432490190786243,-1.8490102207961314,0.7555097799344024,0.741172653981824,0.5432490190786243,0.2038000000000002,2.4525999999999994,2.2487999999999992,228.11379852,0,0,0,0
TRN-0335,19.3366,109.2824,43.2863,42.829,15.6796,17.4192,19.0115,46.0047,53.154,Valid,1.9164943621451602,-0.7177132264171071,-2.74891481020175,1.5081307236487476,1.9164943621451602,0.7177132264171071,2.74891481020175,1.7395999999999994,3.331900000000001,1.5923000000000016,2113.15005584,0,0,0,0
TRN-0747,8.1623,16.276,27.7498,24.8249,4.8959,4.9854,6.5243,58.8781,11.9183,Valid,-1.0860255399057994,0.41327383246245564,0.3707108362657392,-4.635486465119042,1.0860255399057994,0.41327383246245564,0.3707108362657392,0.08950000000000014,1.6284,1.5389,132.8495948,0,0,0,0
TRN-0065,29.5509,88.0838,38.0994,34.3734,19.4764,19.0039,24.1937,67.1977,37.4703,Valid,0.28373389339844124,-0.40969751741071647,0.44627246577505986,4.029134323108032,0.28373389339844124,0.40969751741071647,0.44627246577505986,-0.47250000000000014,4.717299999999998,5.189799999999998,2602.95556542,0,0,0,0
TRN-0257,30.6035,29.4846,36.2652,41.0898,16.7405,14.3861,22.2693,,21.5145,Valid,-2.021036137780351,1.182307484498299,4.313327021069089,3.9594975340150285,2.021036137780351,1.182307484498299,4.313327021069089,-2.3544,5.5288,7.8832,902.3319561000001,0,0,0,1
TRN-0443,9.6318,92.6893,34.5091,30.5353,10.1782,12.5837,11.7777,64.1771,32.9683,Valid,1.8382876855639143,-0.962395507938913,-3.9166871608376113,-3.6239209680253666,1.8382876855639143,0.962395507938913,3.9166871608376113,2.4055,1.599499999999999,-0.8060000000000009,892.7647997400001,0,0,0,0
TRN-0507,10.6681,75.8719,33.3623,5.2737,9.6188,11.4513,11.3341,67.399,23.1349,Valid,1.1959430651136511,-0.7001822591674856,-2.9390798821030923,-3.7690009416261248,1.1959430651136511,0.7001822591674856,2.9390798821030923,1.8324999999999996,1.7152999999999992,-0.11720000000000041,809.40901639,0,0,0,0
TRN-0943,24.4524,69.9741,29.5096,22.3974,15.7061,15.1518,19.6866,30.7207,25.1708,Valid,-0.3735483043938981,-0.07648959751425011,0.7700397930078715,0.5997629775246054,0.3735483043938981,0.07648959751425011,0.7700397930078715,-0.5542999999999996,3.9804999999999993,4.534799999999999,1711.0346828400002,0,0,0,0
TRN-0438,9.2579,44.797,28.7596,5.9031,6.9661,7.9532,8.5018,71.9907,13.9035,Valid,0.03758740630791735,-0.19770481431963027,-1.3795987799879335,-5.055873345148067,0.03758740630791735,0.19770481431963027,1.3795987799879335,0.9870999999999999,1.5356999999999994,0.5485999999999995,414.7261462999999,0,0,0,0
TRN-0323,23.8319,94.5641,40.9548,12.1292,23.0025,17.4622,20.4693,53.8698,40.1544,Invalid,-4.197909906274543,-8.697801558390939,-1.3450375984477745,2.160560496031124,4.197909906274543,8.697801558390939,1.3450375984477745,-5.540300000000002,-2.533200000000001,3.007100000000001,2253.64217479,0,0,0,0
TRN-0541,29.5137,89.7528,32.8875,44.0727,19.4791,18.9202,24.4323,46.1615,36.989,Valid,0.19776499482612309,-0.17457838584348195,0.7898098116333117,2.452697950964861,0.19776499482612309,0.17457838584348195,0.7898098116333117,-0.5588999999999977,4.9532000000000025,5.5121,2648.93721336,0,0,0,0
TRN-0513,8.5988,18.8074,39.8048,25.8064,5.467,6.0593,7.4333,30.0082,13.1153,Valid,-0.5224715476726685,0.6094257266898602,-0.06939062044776634,-3.650366678053727,0.5224715476726685,0.6094257266898602,0.06939062044776634,0.5923000000000007,1.9663000000000004,1.3739999999999997,161.72107112000003,0,0,0,0
TRN-0830,29.6897,109.4003,33.5982,31.3241,20.6293,20.8849,25.3653,48.7288,53.7412,Valid,1.1983855224054274,-0.7263302335205921,-0.7400488204375506,1.965543021635149,1.1983855224054274,0.7263302335205921,0.7400488204375506,0.2555999999999976,4.736000000000001,4.480400000000003,3248.06208691,0,0,0,0
TRN-0124,28.7059,44.4546,28.3929,31.8519,16.5947,25.0,21.7478,58.4106,20.567,Invalid,8.716911532310313,0.8475991072218321,-9.513694555459871,1.649102975631802,8.716911532310313,0.8475991072218321,9.513694555459871,8.4053,5.153100000000002,-3.2521999999999984,1276.10930214,0,0,0,0
TRN-0434,18.3304,91.2825,54.8353,42.0785,14.206,15.9913,17.3458,,51.9073,Valid,1.7518171918046939,-0.5028017765001707,-2.6238042018458465,16.320901578483898,1.7518171918046939,0.5028017765001707,2.6238042018458465,1.7853000000000012,3.139800000000001,1.3544999999999998,1673.244738,0,0,0,1
TRN-0742,31.1274,41.4679,25.8498,14.7618,17.5962,15.2001,23.0903,49.2011,21.1804,Valid,-1.9334746277516306,0.9057985875113879,4.113150100576846,2.5988035181623985,1.9334746277516306,0.9057985875113879,4.113150100576846,-2.396099999999999,5.4940999999999995,7.890199999999998,1290.7879104600001,0,0,0,0
TRN-0351,8.8242,109.9343,21.3625,17.1093,10.3528,12.9679,11.602,47.0632,43.8924,Valid,2.069770375835283,-1.3585778369304826,-4.574518638898155,-8.475432381167707,2.069770375835283,1.3585778369304826,4.574518638898155,2.6151,1.2492,-1.3659,970.0822500599999,0,0,0,0
TRN-0736,29.5104,28.1679,36.3961,51.5832,16.1474,13.8079,21.6011,49.2212,20.9866,Valid,-2.094128053545651,1.273576862642745,4.370564631496215,3.5271373719130743,2.094128053545651,1.273576862642745,4.370564631496215,-2.339500000000001,5.453699999999998,7.793199999999999,831.24599616,0,0,0,0
TRN-0518,30.191,68.5258,29.2458,38.1312,11.105,17.2072,23.2016,42.7267,26.6751,Invalid,5.652443134778144,9.290155129086791,1.7070421681005463,2.605212370017089,5.652443134778144,9.290155129086791,1.7070421681005463,6.1022,12.096599999999999,5.994399999999999,2068.8624278,0,0,0,0
TRN-0097,24.0983,15.5749,32.5565,32.3226,12.5641,10.8077,5.4559,72.9077,17.5511,Invalid,-2.0147539838789843,-10.304642129781792,-8.009428482310645,1.0592473955327044,2.0147539838789843,10.304642129781792,8.009428482310645,-1.7563999999999993,-7.1082,-5.351800000000001,375.32861267,0,0,0,0
TRN-0220,12.1699,57.0484,31.2917,52.7784,9.5998,10.3563,11.9747,50.9553,17.0452,Valid,0.11760825842869593,-0.03562510038511846,-0.9239813621271669,-3.9138434655384984,0.11760825842869593,0.03562510038511846,0.9239813621271669,0.7564999999999991,2.3749000000000002,1.6184000000000012,694.27332316,0,0,0,0
TRN-0713,11.9594,108.4812,34.5381,58.1279,12.1882,14.8651,14.0675,69.0032,47.8264,Valid,2.368477101814289,-1.2160852701621874,-4.48940178513112,-2.946597447305898,2.368477101814289,1.2160852701621874,4.48940178513112,2.6769,1.8793000000000006,-0.7975999999999992,1297.37006328,0,0,0,0
TRN-0890,27.1695,81.7422,25.519,26.4742,17.8631,17.0967,22.0936,62.1795,29.1343,Valid,-0.26289848986602493,-0.4336533631503876,0.7376172045092204,-0.6028873988168577,0.26289848986602493,0.4336533631503876,0.7376172045092204,-0.7664000000000009,4.230499999999999,4.9969,2220.8947029,0,0,0,0
TRN-0531,20.7203,99.2481,31.085,54.7814,16.2072,17.0458,19.816,39.6731,41.019,Valid,1.0927843998700553,-0.588051784348675,-1.4761497198330105,-0.7944088778162097,1.0927843998700553,0.588051784348675,1.4761497198330105,0.8385999999999996,3.6087999999999987,2.770199999999999,2056.45040643,0,0,0,0
TRN-0369,24.5577,62.3376,30.1652,56.576,15.5392,14.881,19.6012,46.2767,24.6977,Valid,-0.5016985567952101,0.0514340145320773,1.0243516324344135,2.4824631770003656,0.5016985567952101,0.0514340145320773,1.0243516324344135,-0.658199999999999,4.061999999999999,4.720199999999998,1530.86807952,0,0,0,0
TRN-0781,17.8894,74.0111,26.7258,14.7152,12.9996,13.5775,15.9195,62.4277,23.4299,Valid,0.37821204471034875,-0.39412864764580036,-1.0219468665154885,-2.6852661881776463,0.37821204471034875,0.39412864764580036,1.0219468665154885,0.5779000000000014,2.9199,2.3419999999999987,1324.01417234,0,0,0,0
TRN-0928,25.7367,90.4034,33.5964,54.4149,17.8868,17.9832,22.3347,46.1552,36.6371,Valid,0.6035440362625089,-0.22299868966924663,-0.13295347104947552,1.6596648303438428,0.6035440362625089,0.22299868966924663,0.13295347104947552,0.09639999999999915,4.447900000000001,4.3515000000000015,2326.68518478,0,0,0,0
TRN-0194,15.343,109.4771,33.6951,57.5039,14.2222,16.389,16.6468,72.3277,50.4105,Valid,2.135585969638848,-1.2224423886920555,-3.82162098466387,-1.4498863952896173,2.135585969638848,1.2224423886920555,3.82162098466387,2.1667999999999985,2.424599999999998,0.2577999999999996,1679.7071452999999,0,0,0,0
TRN-0743,16.6379,22.9675,37.3504,24.5539,9.2704,8.9039,12.3042,61.3833,15.879,Invalid,-1.0456560386604554,0.7090517811726631,1.2289919316405093,-1.205212363179422,1.0456560386604554,0.7090517811726631,1.2289919316405093,-0.36650000000000027,3.0337999999999994,3.4002999999999997,382.13096824999997,0,0,0,0
TRN-0294,31.8012,33.9683,33.232,36.4063,17.3683,15.0914,22.6319,49.1939,21.8126,Valid,-1.8489677026556244,0.7399051567068717,3.7911088880924417,3.916367407906783,1.8489677026556244,0.7399051567068717,3.7911088880924417,-2.2769000000000013,5.2636,7.5405000000000015,1080.23270196,0,0,0,0
TRN-0304,23.6657,17.7618,19.2181,49.6166,12.9498,16.1247,17.0497,54.4657,17.0368,Invalid,2.96846771019438,0.7993450745908639,-3.087224995398852,0.35659183531663174,2.96846771019438,0.7993450745908639,3.087224995398852,3.174900000000001,4.099900000000002,0.9250000000000007,420.34543026000006,0,0,0,0
TRN-0382,14.1328,104.1859,27.4694,17.0621,12.7062,14.6844,14.7467,55.5636,41.6252,Valid,1.738910550088777,-1.1942498285440806,-3.5835099202607985,-4.733440705727837,1.738910550088777,1.1942498285440806,3.5835099202607985,1.9781999999999993,2.0404999999999998,0.062300000000000466,1472.43848752,0,0,0,0
TRN-0417,26.973,68.6493,28.7009,27.9014,17.2997,16.4962,21.6952,57.9395,25.9572,Valid,-0.3859727314706376,-0.10877684292680101,1.092328093641406,1.845622111147474,0.3859727314706376,0.10877684292680101,1.092328093641406,-0.8034999999999997,4.395499999999998,5.198999999999998,1851.6775688999999,0,0,0,0
TRN-0297,26.5298,89.9603,18.0,53.9437,18.1662,17.589,22.426,33.5126,31.7561,Valid,-0.02695629047249426,-0.4907410034158666,0.4526549051756028,-2.920019666452948,0.02695629047249426,0.4907410034158666,0.4526549051756028,-0.5772000000000013,4.2597999999999985,4.837,2386.6287669400003,0,0,0,0
TRN-0622,21.0295,23.2536,34.0265,49.4829,5.4912,11.0359,16.266,51.2347,17.9097,Invalid,4.432529712382025,9.411898578657254,2.514224289439989,0.8044924830410238,4.432529712382025,9.411898578657254,2.514224289439989,5.5447,10.774799999999999,5.230099999999998,489.01158119999997,0,0,0,0
TRN-0563,16.5004,76.4705,23.6697,55.7837,12.9151,13.4514,15.6811,38.7838,23.4619,Valid,0.3251738090731422,-0.5251708143155476,-1.1021218851434291,-3.706534129765629,0.3251738090731422,0.5251708143155476,1.1021218851434291,0.5362999999999989,2.766,2.229700000000001,1261.7938382,0,0,0,0
TRN-0920,28.0007,43.5856,29.5635,31.3067,16.4039,14.665,21.3004,,20.6462,Valid,-1.4556347900861937,0.6445503538042843,2.9945281442197,1.8307583869687072,1.4556347900861937,0.6445503538042843,2.9945281442197,-1.738900000000001,4.8965,6.635400000000001,1220.42730992,0,0,0,1
TRN-0568,17.0624,18.7827,25.3896,23.4091,9.6033,8.647,12.7841,69.2815,14.8344,Valid,-1.5947617467059239,0.7693618165940297,2.0314686069224432,-1.9292781730315784,1.5947617467059239,0.7693618165940297,2.0314686069224432,-0.9563000000000006,3.1807999999999996,4.1371,320.47794048,0,0,0,0
TRN-0227,10.4857,104.8969,33.4685,24.2937,10.7743,13.447,12.3912,44.9239,42.3603,Valid,2.180665398311726,-1.1020022400028182,-4.386500895942605,-4.6987351654119465,2.180665398311726,1.1020022400028182,4.386500895942605,2.672699999999999,1.6168999999999993,-1.0557999999999996,1099.91742433,0,0,0,0
TRN-0581,31.4401,34.7442,44.4525,37.6516,17.718,15.566,23.4067,53.4032,23.1496,Valid,-1.670753710480044,1.0658088448192018,3.970562958647516,5.190483818133554,1.670753710480044,1.0658088448192018,3.970562958647516,-2.1519999999999992,5.688700000000001,7.8407,1092.36112242,0,0,0,0
TRN-0320,26.2045,71.2287,39.427,5.5082,16.4818,16.3147,20.7495,74.076,28.4389,Valid,0.12772208195347545,-0.0061009845425701315,0.3742678180498302,3.4116650269842665,0.12772208195347545,0.0061009845425701315,0.3742678180498302,-0.16710000000000136,4.267700000000001,4.434800000000003,1866.51246915,0,0,0,0
TRN-0167,9.1955,28.8878,39.9113,21.6789,6.0801,0.0631,7.9135,42.5394,14.3812,Invalid,-7.065196497973921,0.32331183600583024,7.946397158899671,-3.130345083913447,7.065196497973921,0.32331183600583024,7.946397158899671,-6.0169999999999995,1.8334000000000001,7.8504,265.6377649,0,0,0,0
TRN-0450,12.2914,80.6737,25.0689,28.09,10.7961,12.1847,12.857,26.3365,23.8166,Valid,0.8993398295849282,-0.6637634598046791,-2.3366537702578167,-5.364162710793092,0.8993398295849282,0.6637634598046791,2.3366537702578167,1.3886000000000003,2.0609,0.6722999999999999,991.5927161799999,0,0,0,0
TRN-0287,24.9197,109.5992,39.1933,44.5793,18.6125,19.6007,22.8927,62.0009,54.3793,Valid,1.6078926339908897,-0.598022291430965,-1.6029163772662685,2.3839049638819674,1.6078926339908897,0.598022291430965,1.6029163772662685,0.9881999999999991,4.280200000000001,3.2920000000000016,2731.17918424,0,0,0,0
TRN-0650,9.3389,69.1289,34.8242,7.8153,8.6751,10.3544,10.3503,43.2764,21.5834,Valid,0.928403196212189,-0.49531958321303193,-2.5459961912180145,-2.6919112308881843,0.928403196212189,0.49531958321303193,2.5459961912180145,1.6792999999999996,1.6752000000000002,-0.004099999999999326,645.5878842100001,0,0,0,0
TRN-0901,24.5837,32.3434,44.0985,18.3583,13.6707,12.6833,18.0113,56.004,20.0391,Valid,-1.0953003280076032,0.8443068909623328,2.1919224148232352,2.2703370393656037,1.0953003280076032,0.8443068909623328,2.1919224148232352,-0.9874000000000009,4.3405999999999985,5.327999999999999,795.12044258,0,0,0,0
TRN-0031,31.5827,42.3262,21.2104,46.5375,18.086,15.3435,23.7902,63.3815,21.3218,Valid,-2.204657551987962,0.9765427313876955,4.633165280091614,2.648017407103133,2.204657551987962,0.9765427313876955,4.633165280091614,-2.742499999999998,5.7042,8.446699999999998,1336.7756767399999,0,0,0,0
TRN-0199,20.0134,74.4171,30.5929,34.5742,14.1476,14.6017,17.3784,29.7774,25.6966,Valid,0.4124465070037413,-0.3957998921244439,-0.8480590182759684,-0.5863822615251948,0.4124465070037413,0.3957998921244439,0.8480590182759684,0.4540999999999986,3.2307999999999986,2.7767,1489.3391891400001,0,0,0,0
TRN-0630,24.2394,42.3827,37.0505,29.3917,14.3383,13.4411,18.6192,44.5871,20.1279,Valid,-0.9121258301947233,0.6020111939747501,1.8489022543916889,1.4479282171909773,0.9121258301947233,0.6020111939747501,1.8489022543916889,-0.8971999999999998,4.280899999999999,5.178099999999999,1027.3312183799999,0,0,0,0
TRN-0605,13.0001,85.6198,45.944,9.1593,11.1971,13.4391,13.1292,44.0425,32.9308,Valid,1.8040900610034285,-0.898781355962381,-3.6385882016338655,1.0128057857291353,1.8040900610034285,0.898781355962381,3.6385882016338655,2.241999999999999,1.9321000000000002,-0.30989999999999895,1113.0659619799999,0,0,0,0
TRN-0704,24.0661,67.4291,32.3245,15.834,15.4074,15.0642,30.0999,60.9044,25.2527,Invalid,-0.20577547666710494,10.718538018205681,11.293230294420045,1.5446602342484432,0.20577547666710494,10.718538018205681,11.293230294420045,-0.3432000000000013,14.6925,15.035700000000002,1622.75546351,0,0,0,0
TRN-0614,20.2532,103.5468,45.9658,19.1421,15.4626,17.1631,18.7869,44.9124,48.5665,Valid,1.8459063699168574,-0.6649862739937973,-2.652353500428056,2.82737551334732,1.8459063699168574,0.6649862739937973,2.652353500428056,1.7005,3.324299999999999,1.6237999999999992,2097.15404976,0,0,0,0
TRN-0315,17.4271,55.0366,20.4553,35.888,11.7702,11.6673,14.6101,43.8198,17.1108,Valid,-0.46638097239451426,-0.1435862099222156,0.06581283642920077,-3.4401509914226516,0.46638097239451426,0.1435862099222156,0.06581283642920077,-0.10290000000000177,2.8398999999999983,2.9428,959.12833186,0,0,0,0
TRN-0018,9.606,80.1658,36.9003,58.9581,7.4058,5.6122,11.8582,50.8925,26.5112,Invalid,-2.693051860548712,2.6073325939995726,4.917158428578449,-2.411597617090923,2.693051860548712,2.6073325939995726,4.917158428578449,-1.7936000000000005,4.4524,6.246,770.0726748000001,0,0,0,0
TRN-0669,19.456,70.6109,26.7711,19.4439,13.949,13.9951,17.503,32.6376,22.7601,Valid,-0.023244296715246193,-0.01825572891084093,0.03758758713128074,-2.0398885241617037,0.023244296715246193,0.01825572891084093,0.03758758713128074,0.04610000000000092,3.5540000000000003,3.5078999999999994,1373.8056704,0,0,0,0
TRN-0168,15.3642,103.1518,32.9891,37.3924,13.7518,15.742,16.2821,60.6418,43.7129,Invalid,1.8935055626079862,-0.9881066013736763,-3.374803507285389,-1.648050751691713,1.8935055626079862,0.9881066013736763,3.374803507285389,1.9902000000000015,2.5303000000000004,0.5400999999999989,1584.84488556,0,0,0,0
TRN-0397,12.6677,60.0778,26.2891,30.817,10.0417,10.7811,12.4172,51.166,16.9303,Valid,0.15515922415251282,-0.15058620746929563,-1.0147382896884558,-4.714015398028803,0.15515922415251282,0.15058620746929563,1.0147382896884558,0.7393999999999998,2.375499999999999,1.636099999999999,761.04754706,0,0,0,0
TRN-0324,18.6204,80.1765,35.0088,24.0491,13.5275,14.4397,16.6685,,28.5561,Valid,0.7845730518165048,-0.31629291132263404,-1.3547189346227242,-0.37208926075519955,0.7845730518165048,0.31629291132263404,1.3547189346227242,0.9122000000000003,3.141000000000002,2.2288000000000014,1492.9185006,0,0,0,1
TRN-0154,15.6191,87.307,31.2849,31.8206,12.6735,13.9206,15.2714,60.0861,24.836,Invalid,1.0034167595317083,-0.6280293441043607,-2.1005391663052357,-8.11308316162176,1.0034167595317083,0.6280293441043607,2.1005391663052357,1.2470999999999997,2.597899999999999,1.3507999999999996,1363.6567637,0,0,0,0
TRN-0666,8.1382,65.7363,39.0356,11.4716,7.6017,9.7427,9.234,32.6448,21.455,Valid,1.2640838004811457,-0.26269513996040317,-2.8943613395152905,-1.7233556878748928,1.2640838004811457,0.26269513996040317,2.8943613395152905,2.140999999999999,1.6322999999999999,-0.5086999999999993,534.9751566599999,0,0,0,0
TRN-0826,28.4712,27.8256,35.3796,21.3808,15.2771,13.2259,19.943,48.6539,20.0595,Valid,-1.9325716377858786,0.7280764544929781,3.4427335076711287,2.624701869590929,1.9325716377858786,0.7280764544929781,3.4427335076711287,-2.0512000000000015,4.665900000000001,6.717100000000002,792.2282227200001,0,0,0,0
TRN-0131,18.5812,92.627,32.678,29.3111,14.2849,15.4514,17.3894,51.1103,34.9359,Valid,1.1440761996674045,-0.5597362977704563,-1.9029848306298263,-1.6109532465196565,1.1440761996674045,0.5597362977704563,1.9029848306298263,1.1664999999999992,3.104499999999998,1.9379999999999988,1721.1208123999997,0,0,0,0
TRN-0206,15.64,43.7312,36.5787,24.7762,10.3069,10.4717,13.1759,67.9744,17.0176,Valid,-0.3862932993472903,0.2732924849681968,0.13235216400351568,-1.8147323474474994,0.3862932993472903,0.2732924849681968,0.13235216400351568,0.1647999999999996,2.8689999999999998,2.7042,683.9559680000001,0,0,0,0
TRN-0641,24.5801,94.9394,27.697,34.8704,17.3518,17.6709,21.5468,56.5225,37.4487,Valid,0.7445280279788413,-0.3240231000571576,-0.5292462762594745,-0.8342703561678704,0.7445280279788413,0.3240231000571576,0.5292462762594745,0.31909999999999883,4.195,3.8759000000000015,2333.6199459400004,0,0,0,0
TRN-0478,22.1023,75.3986,39.5437,15.7804,15.0451,15.3171,18.7467,40.8439,29.3263,Valid,0.3573183210457973,-0.17199937692479494,-0.3772181401343495,2.627800910878893,0.3573183210457973,0.17199937692479494,0.3772181401343495,0.27200000000000024,3.701600000000001,3.4296000000000006,1666.48247678,0,0,0,0
TRN-0026,23.3843,84.4197,26.1531,13.7255,16.0969,15.9865,19.9008,42.4546,28.9849,Valid,0.1275403724453561,-0.3621040916183915,-0.06278360106330894,-2.2304793914172514,0.1275403724453561,0.3621040916183915,0.06278360106330894,-0.11040000000000205,3.8038999999999987,3.914300000000001,1974.0955907100001,0,0,0,0
TRN-0363,12.5154,100.0179,26.6011,17.9126,11.5718,13.6642,13.2085,54.963,36.6662,Valid,1.703014112552598,-1.2938497099852082,-3.841732645610474,-5.819904427757123,1.703014112552598,1.2938497099852082,3.841732645610474,2.0923999999999996,1.6367000000000012,-0.45569999999999844,1251.76402566,0,0,0,0
TRN-0430,20.7575,53.4003,34.8645,24.8433,12.9698,12.7579,16.7595,48.1514,19.0719,Valid,-0.41562483246109316,0.48373479596908453,0.8465063130291597,-1.1727961785729093,0.41562483246109316,0.48373479596908453,0.8465063130291597,-0.21189999999999998,3.7897,4.0016,1108.45672725,0,0,0,0
TRN-0936,10.8932,25.4503,34.2131,51.1712,7.0372,7.1364,9.181,62.3112,14.5568,Valid,-0.8422665565571679,0.39237680285821774,0.32540610937470227,-2.7075092421137423,0.8422665565571679,0.39237680285821774,0.32540610937470227,0.09919999999999973,2.143799999999999,2.044599999999999,277.23520795999997,0,0,0,0
TRN-0129,21.1678,103.3248,40.2966,38.4533,16.1599,17.4796,19.4539,,47.0142,Valid,1.5669129125941836,-0.8896190801223653,-2.3822574184195204,1.4880610925362987,1.5669129125941836,0.8896190801223653,2.3822574184195204,1.319700000000001,3.2940000000000005,1.9742999999999995,2187.1587014399997,0,0,0,1
TRN-0688,20.0467,29.4538,26.8279,33.6621,11.6891,10.7337,15.4426,54.0091,16.7953,Valid,-1.3294878576376767,0.7916662956562881,2.070161857630687,-0.7574523429463262,1.3294878576376767,0.7916662956562881,2.070161857630687,-0.9553999999999991,3.7535000000000007,4.7089,590.45149246,0,0,0,0
TRN-0157,22.4119,20.8205,26.7832,21.6598,11.8651,10.3674,15.741,52.7544,16.6935,Valid,-1.848738089026078,0.8670529325045884,2.8283842319429517,-0.22993694584418733,1.848738089026078,0.8670529325045884,2.8283842319429517,-1.4977,3.8758999999999997,5.3736,466.62696394999995,0,0,0,0
TRN-0422,29.5699,19.6229,39.3521,44.9731,15.9528,13.5415,21.3873,41.892,20.6111,Valid,-2.194513106304827,1.3087438973870427,4.4910241152674,3.780539123048648,2.194513106304827,1.3087438973870427,4.4910241152674,-2.4113000000000007,5.4345,7.8458000000000006,580.24719071,0,0,0,0
TRN-0561,21.2552,28.753,28.5431,55.9749,14.8131,15.3306,16.1621,58.7379,17.9232,Invalid,0.5697088978511502,-2.460529601330414,-2.9787527711952144,0.42143256759741377,0.5697088978511502,2.460529601330414,2.9787527711952144,0.5175000000000001,1.3489999999999984,0.8314999999999984,611.1507656,0,0,0,0
TRN-0281,20.3633,63.1516,37.9498,43.269,14.0488,13.9778,17.9825,33.7963,25.6006,Valid,-0.1264475558573377,0.33414951329070064,0.538793361915733,3.1664442883184414,0.1264475558573377,0.33414951329070064,0.538793361915733,-0.07099999999999973,3.9337000000000018,4.0047000000000015,1285.97497628,0,0,0,0
TRN-0108,18.4548,83.0207,37.7378,7.6421,13.5164,7.7951,16.5216,45.0359,30.0347,Invalid,-5.850452844832844,-0.4490723077688301,6.838746446237712,-0.3931535622020519,5.850452844832844,0.4490723077688301,6.838746446237712,-5.721300000000001,3.0051999999999985,8.7265,1532.13041436,0,0,0,0
TRN-0332,19.9914,90.3498,42.0529,54.2919,15.1578,16.3139,18.691,51.4997,37.3545,Valid,1.2575744780583111,-0.3715786442788769,-1.6832287975269864,2.4137132197705284,1.2575744780583111,0.3715786442788769,1.6832287975269864,1.1561000000000003,3.533199999999999,2.3770999999999987,1806.2189917199998,0,0,0,0
TRN-0185,13.0874,48.0294,42.0912,28.1127,9.6031,10.4584,12.469,52.8484,46.1158,Invalid,0.21681368092890452,0.4545139937132472,-0.5578519144890475,26.731462531722634,0.21681368092890452,0.4545139937132472,0.5578519144890475,0.8552999999999997,2.8659,2.0106,628.5799695600001,0,0,0,0
TRN-0746,11.5123,78.7144,35.2434,11.023,9.9073,11.8385,11.9057,50.1068,25.1387,Valid,1.3302605925538966,-0.49248003847443655,-2.8534585427433505,-3.0696705569820146,1.3302605925538966,0.49248003847443655,2.8534585427433505,1.9312000000000005,1.9984000000000002,0.0671999999999997,906.1837871199999,0,0,0,0
TRN-0656,12.9859,56.5878,41.075,23.6554,9.7232,10.5824,12.1611,23.4386,17.7576,Valid,0.2354962227265638,-0.004839019408130696,-1.021411844599326,-3.104825088734369,0.2354962227265638,0.004839019408130696,1.021411844599326,0.8591999999999995,2.437899999999999,1.5786999999999995,734.84351202,0,0,0,0
TRN-0270,18.3775,49.9777,28.7527,20.261,11.6306,11.4468,14.7626,43.6153,17.1733,Valid,-0.5655237204207637,0.18577322122387052,0.4950682797236876,-2.4991489439375663,0.5655237204207637,0.18577322122387052,0.4950682797236876,-0.18379999999999974,3.1320000000000014,3.315800000000001,918.46518175,0,0,0,0
TRN-0462,9.376,27.3945,36.0394,38.8804,6.3963,7.0118,8.4734,42.8012,14.3644,Valid,-0.3978134799123598,0.48757190895744085,-0.2256998727838635,-3.0394017908796194,0.3978134799123598,0.48757190895744085,0.2256998727838635,0.6154999999999999,2.0770999999999997,1.4615999999999998,256.85083199999997,0,0,0,0
TRN-0245,12.2692,79.2162,37.8168,33.9754,10.6367,12.3656,12.7798,33.0432,26.8149,Valid,1.219394267953577,-0.5394693012560428,-2.640881723051196,-1.6366962439334962,1.219394267953577,0.5394693012560428,2.640881723051196,1.7289000000000012,2.1431000000000004,0.41419999999999924,971.91940104,0,0,0,0
TRN-0986,16.4933,30.86,41.2013,54.7611,10.5093,10.1223,13.7721,54.7129,17.9657,Valid,-0.9126188454604325,0.6138219314354654,1.16717638137815,0.309210527712402,0.9126188454604325,0.6138219314354654,1.16717638137815,-0.38700000000000045,3.2628000000000004,3.649800000000001,508.98323800000003,0,0,0,0
TRN-0905,20.6906,44.6437,44.5003,38.915,12.5439,12.4742,16.1979,53.5546,20.3892,Valid,-0.3307579625562287,0.46299873824882276,0.64092916718125,1.4484754308174494,0.3307579625562287,0.46299873824882276,0.64092916718125,-0.06970000000000098,3.654,3.723700000000001,923.70493922,0,0,0,0
TRN-0355,12.6951,77.0043,34.7021,7.1159,10.4104,11.9463,12.3935,66.5491,24.5341,Valid,0.9978143334467919,-0.6398334579092033,-2.500954393628156,-2.874757914636941,0.9978143334467919,0.6398334579092033,2.500954393628156,1.5359000000000016,1.9831000000000003,0.4471999999999987,977.57728893,0,0,0,0
TRN-0684,28.7954,59.5556,32.8725,33.6192,17.5358,16.2295,22.6425,49.5823,22.6681,Valid,-0.8528881366183683,0.5355356812089163,2.374128936448546,1.1482717271543237,0.8528881366183683,0.5355356812089163,2.374128936448546,-1.3062999999999967,5.1067,6.412999999999997,1714.92732424,0,0,0,0
TRN-0433,14.1649,48.5547,35.8988,14.1726,9.8755,10.08,12.6932,52.2889,17.3311,Valid,-0.4003805732807191,0.33514241239841347,0.141379843582234,-2.1284102347483014,0.4003805732807191,0.33514241239841347,0.141379843582234,0.20449999999999946,2.8176999999999985,2.613199999999999,687.7724700299999,0,0,0,0
TRN-0205,11.8979,97.544,25.2669,56.4937,11.918,13.5932,14.1341,49.7389,35.013,Valid,1.3311125045756782,-0.8068951555097659,-2.8270463571153996,-5.357044217192083,1.3311125045756782,0.8068951555097659,2.8270463571153996,1.6752000000000002,2.216100000000001,0.5409000000000006,1160.5687576,0,0,0,0
TRN-0806,25.4865,99.3398,44.008,55.3353,18.2879,18.9374,22.9072,48.9598,46.4182,Valid,1.2186078747972822,-0.16600131333627033,-0.7568544818722494,4.5253391470694595,1.2186078747972822,0.16600131333627033,0.7568544818722494,0.6494999999999997,4.619299999999999,3.9697999999999993,2531.8238127,0,0,0,0
TRN-0177,8.8071,96.5473,34.9594,44.9813,10.2865,12.7489,11.7695,36.0828,36.0541,Valid,1.9087475878593505,-1.1073448673585613,-4.13219957480554,-3.5005066987026154,1.9087475878593505,1.1073448673585613,4.13219957480554,2.4624000000000006,1.4830000000000005,-0.9794,850.3017258300001,0,0,0,0
TRN-0744,28.2125,108.5078,19.6145,8.0209,19.8403,20.0427,24.2394,52.7439,48.0361,Valid,1.0169817449702414,-0.8333297469002154,-0.810294222191029,-2.7656229232431073,1.0169817449702414,0.8333297469002154,0.810294222191029,0.2024000000000008,4.399100000000001,4.1967,3061.2763075,0,0,0,0
TRN-0295,28.491,65.9864,38.1329,46.6129,18.1348,17.2158,23.268,39.7368,29.2011,Valid,-0.37361450293044385,0.3916206615399318,1.762657239120479,5.946645126912539,0.37361450293044385,0.3916206615399318,1.762657239120479,-0.9189999999999969,5.133200000000002,6.052199999999999,1880.0185224000002,0,0,0,0
TRN-0948,27.7984,49.1388,26.1832,34.6076,16.6847,14.9078,21.5841,60.4037,21.0112,Valid,-1.4518704627880883,0.5686028391544014,2.9736310855555494,1.4659556628337675,1.4518704627880883,0.5686028391544014,2.9736310855555494,-1.7768999999999995,4.8994,6.6762999999999995,1365.9800179200001,0,0,0,0
TRN-0844,21.372,93.2079,34.9139,44.387,15.903,16.6672,19.6773,49.3534,37.785,Valid,0.9736943881589699,-0.33756051507622686,-1.1400367128017876,0.8121313395992971,0.9736943881589699,0.33756051507622686,1.1400367128017876,0.7642000000000007,3.7742999999999984,3.0100999999999978,1992.0392387999998,0,0,0,0
TRN-0035,21.0816,84.4086,44.5723,45.0304,15.2472,16.1899,18.847,46.072,34.834,Valid,1.0570241254476453,-0.32973771214601655,-1.3717027542800082,3.6250017143521376,1.0570241254476453,0.32973771214601655,1.3717027542800082,0.9427000000000021,3.599800000000002,2.6571,1779.4683417600004,0,0,0,0
TRN-0971,10.7856,47.0839,39.4542,52.5867,8.5482,9.3426,10.8938,58.0583,16.9186,Valid,0.028381027560108407,0.2078258648904665,-0.7322333044307605,-2.334896629864364,0.028381027560108407,0.2078258648904665,0.7322333044307605,0.7943999999999996,2.345600000000001,1.5512000000000015,507.82811184,0,0,0,0
TRN-0455,25.6612,102.5107,36.9688,45.8239,18.5978,19.1275,22.9467,48.6426,46.962,Valid,1.147093337062305,-0.5251076912353518,-0.9556863627016163,2.2072157272686113,1.147093337062305,0.5251076912353518,0.9556863627016163,0.5297000000000018,4.3489,3.8191999999999986,2630.54757484,0,0,0,0
TRN-0792,14.0843,67.8778,45.1334,50.613,11.2984,12.3105,14.1442,31.1149,26.6744,Valid,0.5872569050495997,-0.011986935044484781,-1.2073323472173811,2.820122114170271,0.5872569050495997,0.011986935044484781,1.2073323472173811,1.0120999999999984,2.8457999999999988,1.8337000000000003,956.01129854,0,0,0,0
TRN-0662,8.1213,69.3968,29.281,41.901,8.2046,10.0533,9.4808,46.976,19.9671,Valid,1.0420368655628245,-0.7731429896834214,-3.0375007762468,-4.4009491243077505,1.0420368655628245,0.7731429896834214,3.0375007762468,1.848700000000001,1.2762000000000011,-0.5724999999999998,563.59223184,0,0,0,0
TRN-0266,15.9753,99.6298,30.1634,13.0101,13.3042,14.9661,15.6586,44.586,38.6543,Valid,1.5036647177916205,-1.0421950362323251,-3.025005681564295,-3.491036357649044,1.5036647177916205,1.0421950362323251,3.025005681564295,1.661900000000001,2.3544,0.692499999999999,1591.61594394,0,0,0,0
TRN-0326,30.0836,84.8342,42.2461,45.3787,19.8302,19.4816,24.9872,63.2539,37.3695,Valid,0.46435564796272644,-0.07249836318177572,0.64089007874232,5.914299781636885,0.46435564796272644,0.07249836318177572,0.64089007874232,-0.34860000000000113,5.157,5.505600000000001,2552.11813912,0,0,0,0
TRN-0173,8.8793,48.0957,34.4588,23.3188,7.1496,8.3093,8.9484,47.6605,15.0183,Valid,0.23099163683517787,0.018862464008226,-1.3801792243589581,-4.375426059690273,0.23099163683517787,0.018862464008226,1.3801792243589581,1.1597,1.798799999999999,0.6390999999999991,427.05614901,0,0,0,0
TRN-0473,21.7807,79.7624,44.4431,34.0606,15.1516,16.0863,18.7589,49.0243,32.4963,Valid,1.0352844438227429,-0.2957624225604043,-1.3298610326243434,3.775431594797535,1.0352844438227429,0.2957624225604043,1.3298610326243434,0.9347000000000012,3.6073000000000004,2.672599999999999,1737.28090568,0,0,0,0
TRN-0759,14.1698,79.0463,27.4585,28.9708,11.6621,12.8104,14.0205,55.029,24.5945,Valid,0.7706863129683228,-0.5962292881074163,-1.9583757038098906,-3.7743008225717105,0.7706863129683228,0.5962292881074163,1.9583757038098906,1.148299999999999,2.3583999999999996,1.2101000000000006,1120.07026174,0,0,0,0
TRN-0090,25.4547,40.4219,23.6058,25.1758,14.7793,13.0121,19.0257,45.9565,18.5905,Valid,-1.719798059509376,0.4461918169200274,2.793716691441844,0.1167899896704796,1.719798059509376,0.4461918169200274,2.793716691441844,-1.767199999999999,4.246400000000001,6.0136,1028.92733793,0,0,0,0
TRN-0346,13.4272,55.4707,35.9373,17.5331,9.7561,10.4939,12.1206,55.9888,17.4079,Invalid,0.1181551093927169,-0.08683503270759729,-0.9508161420236227,-3.2280922064047957,0.1181551093927169,0.08683503270759729,0.9508161420236227,0.7378,2.3644999999999996,1.6266999999999996,744.8161830399999,0,0,0,0
TRN-0250,19.19,70.3763,45.3644,54.5215,13.7609,14.6353,17.4645,53.9176,29.2459,Valid,0.7789644733953303,0.1827109293856708,-0.8041118980571973,4.53087825578212,0.7789644733953303,0.1827109293856708,0.8041118980571973,0.8744000000000014,3.7036000000000016,2.8292,1350.521197,0,0,0,0
TRN-0585,19.7951,57.3239,36.9512,42.1921,13.0019,13.2516,16.721,24.2143,20.122,Valid,0.050323753360331125,0.40444890014504864,0.1884848927608047,-0.8957615379411408,0.050323753360331125,0.40444890014504864,0.1884848927608047,0.2497000000000007,3.719100000000001,3.4694000000000003,1134.7323328900002,0,0,0,0
TRN-0057,30.1846,57.0555,30.0486,29.5513,18.1997,16.6974,23.4507,84.119,22.705,Valid,-0.9468691138662209,0.49089486635771706,2.595487618866567,1.744452051520291,0.9468691138662209,0.49089486635771706,2.595487618866567,-1.5023000000000017,5.251000000000001,6.753300000000003,1722.1974453,0,0,0,0
TRN-0187,31.0442,84.7434,25.919,22.4294,19.9745,19.1135,25.0038,51.3905,32.1574,Valid,-0.024776005137095325,-0.24210719380334567,1.1189654636319126,0.7549910215878448,0.024776005137095325,0.24210719380334567,1.1189654636319126,-0.8610000000000007,5.029299999999999,5.8903,2630.79105828,0,0,0,0
TRN-0557,15.5447,29.2815,39.9119,30.1967,0.1218,9.5419,12.5008,57.9382,16.9847,Invalid,7.7842601097166995,12.312214866696527,0.624540538139783,-0.5554802448187637,7.7842601097166995,12.312214866696527,0.624540538139783,9.4201,12.379,2.9589,455.17213305,0,0,0,0
TRN-0098,21.2152,65.8614,33.6448,35.9575,14.2849,14.3922,18.1252,58.3774,24.619,Valid,0.08487619966740567,0.17606370222954482,0.16157400255058718,1.4026718125266733,0.08487619966740567,0.17606370222954482,0.16157400255058718,0.1073000000000004,3.840299999999999,3.7329999999999988,1397.26277328,0,0,0,0
TRN-0734,30.9058,62.5443,43.9515,46.107,18.7959,17.6931,16.8485,56.4007,30.8448,Invalid,-0.45435319036694466,-6.878256554373465,-5.255384474058456,8.574653953799,0.45435319036694466,6.878256554373465,5.255384474058456,-1.1027999999999984,-1.9473999999999982,-0.8445999999999998,1932.9816269399998,0,0,0,0
TRN-0718,11.7229,106.4226,33.7749,44.7718,11.9335,,13.9352,52.3137,45.356,Invalid,,-1.02544214611334,,-3.24621758757295,,1.02544214611334,,,2.0016999999999996,,1247.5814975399999,0,1,0,0
TRN-0389,14.6259,73.7701,26.7014,45.617,11.3153,12.2835,13.6233,67.4187,22.432,Valid,0.545540585035658,-0.5542784899483699,-1.6943476892818996,-3.5846633228770344,0.545540585035658,0.5542784899483699,1.6943476892818996,0.9681999999999995,2.308,1.3398000000000003,1078.95410559,0,0,0,0
TRN-0680,20.7467,66.0727,27.8669,12.5571,13.8576,13.7229,16.9478,56.1486,22.4213,Valid,-0.21673880349489316,-0.4570833897825288,-0.1760849585491293,-0.859585483874902,0.21673880349489316,0.4570833897825288,0.1760849585491293,-0.13470000000000049,3.090200000000001,3.2249000000000017,1370.79048509,0,0,0,0
TRN-0709,29.2852,102.7158,48.2417,54.5325,20.3658,20.6792,25.271,68.8564,54.4227,Valid,1.213111627521826,-0.48015244888967246,-0.5765267301523345,9.475014268344438,1.213111627521826,0.48015244888967246,0.5765267301523345,0.31340000000000146,4.905200000000001,4.591799999999999,3008.05274616,0,0,0,0
TRN-0406,25.1233,40.9434,43.4653,22.5027,22.7285,13.9656,19.5208,49.8444,21.013,Invalid,-7.467718556001062,-9.29039522645024,2.092400358380498,2.486094974850534,7.467718556001062,9.29039522645024,2.092400358380498,-8.7629,-3.207699999999999,5.555200000000001,1028.63332122,0,0,0,0
TRN-0496,13.5539,39.9312,20.6458,47.9961,8.8443,8.5335,10.9148,48.4001,15.0114,Valid,-1.041440543266166,-0.14375203624338972,0.3046889258957375,-3.4132963252679165,1.041440543266166,0.14375203624338972,0.3046889258957375,-0.3108000000000004,2.070499999999999,2.3812999999999995,541.2234916799999,0,0,0,0
TRN-0500,18.4778,63.4249,40.0174,37.7434,12.4168,13.2615,15.4617,34.8244,25.4269,Valid,0.5666632803299798,-0.11189374072630365,-1.0832376922368887,2.9176169668678718,0.5666632803299798,0.11189374072630365,1.0832376922368887,0.8446999999999996,3.0449,2.2002000000000006,1171.9526172199999,0,0,0,0
TRN-0238,24.5424,90.2796,44.3099,53.5612,17.2203,17.7766,21.3428,43.8869,39.469,Valid,0.9618060303213021,-0.3593186353106965,-0.8657903776816198,4.57612849124596,0.9618060303213021,0.3593186353106965,0.8657903776816198,0.5562999999999967,4.122499999999999,3.566200000000002,2215.67805504,0,0,0,0
TRN-0494,16.9402,91.4089,28.7547,32.746,13.7494,14.6965,16.65,55.3822,32.4537,Valid,0.8500735936172372,-0.6171519237963139,-1.6953898111743513,-3.221486747423562,0.8500735936172372,0.6171519237963139,1.6953898111743513,0.9471000000000007,2.900599999999999,1.9534999999999982,1548.48504778,0,0,0,0
TRN-0597,11.0549,38.0733,34.939,28.6861,7.5375,8.2343,9.2702,52.9228,15.2692,Valid,-0.18751730372309972,-0.1459207849857549,-0.9641983027724077,-2.9784272489297106,0.18751730372309972,0.1459207849857549,0.9641983027724077,0.6967999999999996,1.7327000000000012,1.0359000000000016,420.89652417,0,0,0,0
TRN-0749,16.9551,49.3238,37.9182,46.079,11.5897,11.7664,14.8056,46.527,18.7843,Valid,-0.21035472140431288,0.2805788990262137,0.13693276109776065,-0.7885791828133577,0.21035472140431288,0.2805788990262137,0.13693276109776065,0.1767000000000003,3.2158999999999995,3.0391999999999992,836.28996138,0,0,0,0
TRN-0973,28.9136,58.5679,27.1528,37.1643,17.6326,16.1946,22.4584,51.0747,22.3777,Valid,-0.9698155491847871,0.22716588144746197,2.233802254169138,1.0859696794645899,0.9698155491847871,0.22716588144746197,2.233802254169138,-1.4379999999999988,4.825800000000001,6.2638,1693.40883344,0,0,0,0
TRN-0995,14.8736,90.321,43.7769,6.3052,12.5782,14.5,15.1172,,35.587,Valid,1.6653343480979181,-0.6612406570482552,-2.9816699878434285,0.6658821737747473,1.6653343480979181,0.6612406570482552,2.9816699878434285,1.9217999999999993,2.5389999999999997,0.6172000000000004,1343.3984255999999,0,0,0,1
TRN-0420,16.7887,100.0701,39.1768,10.3787,13.9253,15.7353,16.7186,56.4779,42.4476,Valid,1.7373610302500975,-0.7724781056167309,-2.929899436164799,-0.0845911165290616,1.7373610302500975,0.7724781056167309,2.929899436164799,1.8100000000000005,2.7932999999999986,0.9832999999999981,1680.0468878699999,0,0,0,0
TRN-0621,20.8151,108.1273,37.7482,18.9016,16.2126,17.5534,19.6291,65.7172,50.4377,Valid,1.5957808294085893,-0.7818629029235495,-2.2996029174324057,0.04522845093425332,1.5957808294085893,0.7818629029235495,2.2996029174324057,1.3408000000000015,3.4165000000000028,2.075700000000001,2250.6805622300003,0,0,0,0
TRN-0128,26.0646,105.4747,36.4848,29.7454,18.6229,19.0469,22.9939,59.9133,49.6719,Valid,1.0453198339508347,-0.5102044237863055,-0.8074374854722244,2.034937689860527,1.0453198339508347,0.5102044237863055,0.8074374854722244,0.4239999999999995,4.370999999999999,3.946999999999999,2749.15586562,0,0,0,0
TRN-0436,12.9292,15.0079,18.0,47.765,7.7726,6.8596,10.0741,61.009,13.2914,Valid,-1.7701396274933767,0.3628588034068052,1.5661629198251052,-3.1491969645593123,1.7701396274933767,0.3628588034068052,1.5661629198251052,-0.9129999999999994,2.3015,3.2144999999999992,194.04014067999998,0,0,0,0
TRN-0733,11.1191,95.9778,32.2408,9.3445,10.3419,12.6769,11.9418,52.1243,34.3407,Valid,1.788300948960563,-1.0050109170297379,-3.8695461281503736,-4.757362242497564,1.788300948960563,1.0050109170297379,3.8695461281503736,2.334999999999999,1.5998999999999999,-0.7350999999999992,1067.18675598,0,0,0,0
TRN-0451,15.2425,33.3987,35.7329,11.8259,9.3907,9.3412,12.0736,32.7026,16.184,Valid,-0.7139980155502634,0.32686132947047497,0.4493244572106665,-1.6669386325603632,0.7139980155502634,0.32686132947047497,0.4493244572106665,-0.0495000000000001,2.6829,2.7324,509.07968474999996,0,0,0,0
TRN-0061,30.0389,73.7471,41.4148,46.8461,19.0801,18.3148,24.107,44.198,31.9481,Valid,-0.07204752924456059,0.014289828670012383,1.2235582968746357,5.940794262276636,0.07204752924456059,0.014289828670012383,1.2235582968746357,-0.7652999999999999,5.026899999999998,5.792199999999998,2215.2817621900003,0,0,0,0
TRN-0051,31.1752,99.3175,25.9078,5.095,20.6205,20.1688,25.4065,34.0022,42.1474,Valid,0.4896428243318276,-0.6737562237896348,0.19873737566599914,0.27387750889265305,0.4896428243318276,0.6737562237896348,0.19873737566599914,-0.4516999999999989,4.786000000000001,5.2377,3096.242926,0,0,0,0
TRN-0093,20.1057,35.7746,27.7187,59.2091,12.5668,11.4561,16.472,51.154,18.1969,Valid,-1.3686924457571301,0.7080305368024291,2.1927954161531193,0.15194075597966972,1.3686924457571301,0.7080305368024291,2.1927954161531193,-1.1107000000000014,3.9052000000000007,5.015900000000002,719.2733752199999,0,0,0,0
TRN-0457,14.4873,100.0648,36.7584,54.3708,12.7881,14.6488,15.1889,44.7178,41.1164,Valid,1.6324326731990482,-0.8560549619779749,-3.0966482630767658,-1.4111090761743696,1.6324326731990482,0.8560549619779749,3.0966482630767658,1.8606999999999996,2.4008000000000003,0.5401000000000007,1449.6687770400001,0,0,0,0
TRN-0939,22.3374,56.6306,28.9941,18.4958,13.9008,13.3433,17.7527,49.9282,19.3513,Valid,-0.6335426545945957,0.29281647793510146,1.105119837257753,-1.5200219282131222,0.6335426545945957,0.29281647793510146,1.105119837257753,-0.557500000000001,3.8519000000000005,4.4094000000000015,1264.98036444,0,0,0,0
TRN-0872,26.9568,40.5601,40.3636,25.9641,,14.5565,20.7849,74.7142,21.4579,Invalid,,,2.615146976922098,2.970205594857596,,,2.615146976922098,,,6.228400000000001,1093.37050368,1,0,0,0
TRN-0652,27.089,62.907,40.7783,13.492,16.8702,0.0,21.7538,66.6104,28.0562,Invalid,-16.51741922160246,0.5005911228150381,21.86603266059237,5.6885857551915855,16.51741922160246,0.5005911228150381,21.86603266059237,-16.8702,4.883599999999998,21.7538,1704.0877229999999,0,0,0,0
TRN-0084,16.1984,104.131,47.1348,13.1686,13.8563,16.0643,16.4932,45.0811,49.5151,Valid,2.1257808646511585,-0.9100283761799588,-3.5679669704546306,3.2100493718094967,2.1257808646511585,0.9100283761799588,3.5679669704546306,2.208,2.6369000000000025,0.4289000000000023,1686.7555903999998,0,0,0,0
TRN-0461,10.4319,41.9366,32.0292,45.3324,7.5731,8.4603,9.6327,36.0315,15.0741,Valid,0.006984837876562011,0.17190081490836207,-0.885493598727626,-3.557414776275449,0.006984837876562011,0.17190081490836207,0.885493598727626,0.8872,2.0595999999999997,1.1723999999999997,437.47841754,0,0,0,0
TRN-0615,28.5161,46.13,36.8821,25.4588,16.5328,15.279,21.4779,48.4752,21.8358,Valid,-0.9513995501283468,0.65698383266691,2.401775337150159,2.7087094227969857,0.9513995501283468,0.65698383266691,2.401775337150159,-1.2538000000000018,4.9451,6.198900000000002,1315.447693,0,0,0,0
TRN-0828,12.2969,56.5112,39.2929,28.3125,9.4048,10.5472,11.7256,,17.4859,Valid,0.4796235387959342,-0.038908847896733434,-1.412724804024558,-3.3606435060778708,0.4796235387959342,0.038908847896733434,1.412724804024558,1.1424000000000003,2.3208,1.1784,694.91257528,0,0,0,1
TRN-0082,24.2607,41.2419,35.6057,24.8717,14.0427,13.1631,18.3995,59.6223,20.2629,Valid,-0.9358980210549106,0.7589186499182574,1.978036094069921,1.7050184735789315,0.9358980210549106,0.7589186499182574,1.978036094069921,-0.8795999999999999,4.3568,5.2364,1000.55736333,0,0,0,0
TRN-0969,30.7801,21.4751,27.9207,33.4875,16.1614,13.5707,21.6122,,19.9597,Valid,-2.343266132332431,1.2667613766267998,4.679285411340569,2.9865551957164627,2.343266132332431,1.2667613766267998,4.679285411340569,-2.5907,5.450800000000001,8.041500000000001,661.00572551,0,0,0,1
TRN-0675,30.2286,45.8892,26.7456,33.7286,17.466,15.4147,22.8149,43.5912,21.585,Valid,-1.60851859917992,0.7975267717357752,3.5685515225312585,2.488961057520232,1.60851859917992,0.7975267717357752,3.5685515225312585,-2.0513000000000012,5.3489,7.400200000000002,1387.1662711200001,0,0,0,0
TRN-0458,20.8054,64.9584,26.8743,57.8686,14.1824,22.0046,17.7369,45.5514,23.0209,Invalid,7.785413809150816,-0.08163408366919356,-9.771728549734746,0.07455547466729229,7.785413809150816,0.08163408366919356,9.771728549734746,7.8222000000000005,3.554499999999999,-4.267700000000001,1351.48549536,0,0,0,0
TRN-0190,15.2603,79.1605,29.4847,21.3996,11.7469,12.7595,14.0645,19.9086,24.475,Valid,0.6460691635495266,-0.6596635215316873,-1.8505015275360481,-3.9494023972447607,0.6460691635495266,0.6596635215316873,1.8505015275360481,1.012599999999999,2.3176000000000005,1.3050000000000015,1208.01297815,0,0,0,0
TRN-0202,25.3237,106.6343,38.858,25.9433,1.0,19.0542,22.2274,54.544,50.9883,Invalid,16.49665910291194,20.954283574573036,-1.5830896053996213,2.167574489770331,16.49665910291194,20.954283574573036,1.5830896053996213,18.0542,21.2274,3.173199999999998,2700.3750229099996,0,0,0,0
TRN-0068,12.3176,57.5176,21.598,48.011,9.8896,10.3904,12.1167,36.3548,16.2433,Valid,-0.10233354033259268,-0.2591473729700411,-0.8247887875498048,-4.8161652118029,0.10233354033259268,0.2591473729700411,0.8247887875498048,0.5007999999999999,2.2271,1.7263000000000002,708.47878976,0,0,0,0
TRN-0214,27.8415,15.6042,28.6918,50.5509,14.726,12.1316,19.753,57.192,19.1633,Valid,-2.5545696096458617,1.2414843181134287,4.625987445970981,2.6688277014757027,2.5545696096458617,1.2414843181134287,4.625987445970981,-2.5944000000000003,5.026999999999999,7.6213999999999995,434.44433430000004,0,0,0,0
TRN-0477,10.8498,54.5137,33.8139,24.3945,8.3735,9.3847,10.2987,66.5264,15.9991,Valid,0.22446091759857545,-0.16756987955719715,-1.3801915355765022,-4.451553774158414,0.22446091759857545,0.16756987955719715,1.3801915355765022,1.0112000000000005,1.9252000000000002,0.9139999999999997,591.46274226,0,0,0,0
TRN-0394,17.3998,27.4014,32.6194,7.1219,10.1519,9.3392,13.4439,43.0775,16.065,Valid,-1.3831986574216,0.7370081697557094,1.8221355459103616,-1.3392974317123816,1.3831986574216,0.7370081697557094,1.8221355459103616,-0.8126999999999995,3.292,4.104699999999999,476.77887971999996,0,0,0,0
TRN-0530,18.4973,100.7009,36.7309,6.1492,14.4387,16.0742,17.2039,51.6816,42.1886,Valid,1.6347002545128557,-0.9412598635107976,-2.8696843097143656,-0.9052798323889775,1.6347002545128557,0.9412598635107976,2.8696843097143656,1.6355000000000004,2.7652,1.1296999999999997,1862.69475757,0,0,0,0
TRN-0037,20.7384,99.3801,27.8355,9.009,15.4736,16.4851,18.3568,61.3818,39.6381,Valid,1.1584983123952828,-1.1091410722871586,-2.232150316249129,-2.2897362024585277,1.1584983123952828,1.1091410722871586,2.232150316249129,1.0114999999999998,2.8832000000000004,1.8717000000000006,2060.98426584,0,0,0,0
TRN-0267,12.3628,100.7801,22.3968,23.5885,11.9041,13.7706,13.9312,40.4923,36.3126,Invalid,1.5205851568428965,-0.9921768274718108,-3.252534826783151,-6.852426471867481,1.5205851568428965,0.9921768274718108,3.252534826783151,1.8665000000000003,2.027100000000001,0.16060000000000052,1245.92422028,0,0,0,0
TRN-0440,9.7342,73.9139,18.0,45.948,9.1737,10.3878,10.8464,53.3581,18.5615,Valid,0.5232006004872733,-0.6269263057862986,-2.0918248859944395,-7.513838724236521,0.5232006004872733,0.6269263057862986,2.0918248859944395,1.2141000000000002,1.672699999999999,0.4585999999999988,719.4926853799999,0,0,0,0
TRN-0697,13.9074,63.999,35.716,17.3181,10.4776,11.3127,12.9265,53.7765,22.287,Valid,0.30548124692216483,-0.19172704405132102,-1.172714747145342,-0.3827985824234119,0.30548124692216483,0.19172704405132102,1.172714747145342,0.8350999999999988,2.4489,1.6138000000000012,890.0596926000001,0,0,0,0
TRN-0974,18.163,28.358,31.2924,32.175,10.7058,9.9377,14.0611,50.49,16.6652,Valid,-1.2688408970381015,0.6544918038709806,1.6879258798722834,-0.8079854282296921,1.2688408970381015,0.6544918038709806,1.6879258798722834,-0.7681000000000004,3.3552999999999997,4.1234,515.066354,0,0,0,0
TRN-0869,31.3848,62.2443,36.8918,34.7087,18.6216,17.3424,23.8142,52.9131,28.7862,Valid,-0.658083588091106,0.31176835972516415,2.1500946642769208,6.595597432687878,0.658083588091106,0.31176835972516415,2.1500946642769208,-1.2791999999999994,5.192599999999999,6.471799999999998,1953.52490664,0,0,0,0
TRN-0025,16.5478,64.1575,36.9451,5.6956,11.3731,6.9911,14.1633,58.3087,22.9904,Invalid,-4.797182924390186,-0.08744633182210215,5.490199015411136,0.27563497387088276,4.797182924390186,0.08744633182210215,5.490199015411136,-4.382000000000001,2.7901999999999987,7.172199999999999,1061.6654784999998,0,0,0,0
TRN-0523,11.8296,21.4584,32.3691,57.9892,25.0,7.3582,9.8972,38.2451,14.6204,Invalid,-15.946795988584025,-21.87101827963867,0.7630389229426449,-2.3514849847727817,15.946795988584025,21.87101827963867,0.7630389229426449,-17.6418,-15.1028,2.5389999999999997,253.84428864,0,0,0,0
TRN-0172,28.6209,35.1609,28.1335,24.3318,15.7314,13.8399,20.6323,43.6457,19.8299,Valid,-1.7070632002516746,0.836866176112256,3.3616142415831263,1.8364041834507425,1.7070632002516746,0.836866176112256,3.3616142415831263,-1.8915000000000006,4.9009,6.792400000000001,1006.3366028099999,0,0,0,0
TRN-0723,12.3018,61.145,38.4586,12.285,9.4748,10.5765,11.5015,53.5863,17.7216,Valid,0.44748123379589266,-0.35123802996570674,-1.6736055103315586,-4.185713903124135,0.44748123379589266,0.35123802996570674,1.6736055103315586,1.1016999999999992,2.0267,0.9250000000000007,752.193561,0,0,0,0
TRN-0041,15.098,38.9042,25.1113,36.8095,9.7416,9.5803,12.384,42.8213,16.1036,Valid,-0.7827342588516313,0.19485386644720393,0.459529233098813,-2.2216179123580027,0.7827342588516313,0.19485386644720393,0.459529233098813,-0.16130000000000067,2.6424000000000003,2.803700000000001,587.3756116000001,0,0,0,0
TRN-0958,13.9218,61.6483,44.9454,43.3601,10.3708,11.515,12.7252,52.0169,19.7819,Valid,0.601132784180626,-0.25811294616058866,-1.6279323414229907,-2.2535311546044667,0.601132784180626,0.25811294616058866,1.6279323414229907,1.1442000000000014,2.3544,1.2101999999999986,858.25530294,0,0,0,0
TRN-0364,10.1665,93.6094,41.4084,43.4711,10.5852,13.1681,12.3919,36.9169,36.1226,Valid,2.066873440526715,-0.8622848215321692,-4.035838024425608,-1.1486580510892352,2.066873440526715,0.8622848215321692,4.035838024425608,2.5829000000000004,1.8066999999999993,-0.7762000000000011,951.6799650999999,0,0,0,0
TRN-0553,12.9588,91.6201,24.6224,7.4809,11.674,13.1147,13.7081,50.501,29.8408,Valid,1.0646399547482606,-0.9237043101375537,-2.652630195446287,-5.983436019329176,1.0646399547482606,0.9237043101375537,2.652630195446287,1.4406999999999996,2.0341000000000005,0.5934000000000008,1187.28655188,0,0,0,0
TRN-0253,31.6361,32.2472,36.1817,55.1522,17.5824,15.0875,23.2255,71.4929,22.5182,Valid,-2.034380899444246,1.0587149385344503,4.389601287058049,4.756825160936096,2.034380899444246,1.0587149385344503,4.389601287058049,-2.4948999999999995,5.6431000000000004,8.138,1020.17564392,0,0,0,0
TRN-0566,12.9328,79.8868,40.2712,33.5667,11.013,12.7045,13.3102,37.6164,27.8973,Valid,1.2299406366428638,-0.48485921041828384,-2.5357817314625546,-0.8855610144282444,1.2299406366428638,0.48485921041828384,2.5357817314625546,1.6914999999999996,2.2972,0.6057000000000006,1033.16000704,0,0,0,0
TRN-0777,8.1947,107.2433,21.406,55.8882,10.373,13.0691,11.2021,49.4159,41.548,Valid,2.1533093835766817,-1.7839917454707486,-5.1014096016554245,-7.907323303210205,2.1533093835766817,1.7839917454707486,5.1014096016554245,2.6961000000000013,0.8291000000000004,-1.8670000000000009,878.82667051,0,0,0,0
TRN-0485,12.9139,39.8236,23.2491,24.6533,8.46,8.7627,10.6013,67.1814,14.2112,Valid,-0.47379405910689876,0.02625790237942205,-0.29661172258849433,-4.202879820935115,0.47379405910689876,0.02625790237942205,0.29661172258849433,0.30269999999999975,2.1412999999999993,1.8385999999999996,514.27798804,0,0,0,0
TRN-0076,19.98,51.4139,37.8555,12.2375,12.5667,12.777,25.0,21.6472,19.0336,Invalid,-0.047705836542489166,9.236157475449989,9.06303774776594,-0.868233266275297,0.047705836542489166,9.236157475449989,9.06303774776594,0.21029999999999838,12.4333,12.223,1027.249722,0,0,0,0
TRN-0234,31.8555,89.9514,38.7023,18.529,20.0978,19.7211,25.2735,50.7539,39.1209,Valid,0.4794675870653933,-0.13156434904468028,0.6269501734241807,4.450794126410251,0.4794675870653933,0.13156434904468028,0.6269501734241807,-0.3766999999999996,5.175699999999999,5.552399999999999,2865.4468227,0,0,0,0
TRN-0176,16.7604,61.6364,46.4971,55.1082,12.021,12.683,14.9245,41.1933,22.1887,Valid,0.33147572236523715,-0.1470655030212935,-0.8945011108010252,0.15632871996409037,0.33147572236523715,0.1470655030212935,0.8945011108010252,0.661999999999999,2.9034999999999993,2.2415000000000003,1033.0507185600002,0,0,0,0
TRN-0931,19.7739,19.7536,27.0141,42.8943,11.0173,9.5235,14.5968,39.2832,16.1916,Valid,-1.9548084276576105,0.7963015658810733,2.7436418869147587,-0.6492305199527308,1.9548084276576105,0.7963015658810733,2.7436418869147587,-1.4938000000000002,3.5794999999999995,5.0733,390.60571104,0,0,0,0
TRN-0945,26.7385,70.3804,36.3881,33.2994,17.2828,16.7397,21.7568,56.2922,47.492,Invalid,-0.1281333765950805,-0.025495180546691643,0.8485368888441478,22.775499558179142,0.1281333765950805,0.025495180546691643,0.8485368888441478,-0.5431000000000026,4.473999999999997,5.017099999999999,1881.8663253999998,0,0,0,0
TRN-0715,15.2056,97.2858,31.008,34.6975,12.7327,14.3418,14.9446,45.1902,36.8872,Valid,1.3733741908977848,-1.0300001775894163,-2.9557942898755076,-3.2695824204773984,1.3733741908977848,1.0300001775894163,2.9557942898755076,1.6090999999999998,2.2119,0.6028000000000002,1479.28896048,0,0,0,0
TRN-0103,11.0967,57.7506,32.1577,49.6601,9.3504,10.2755,11.4103,47.7629,16.6986,Valid,0.2556855992296452,-0.28565187527367186,-1.386948230341762,-4.411492974434864,0.2556855992296452,0.28565187527367186,1.386948230341762,0.9250999999999987,2.059899999999999,1.1348000000000003,640.84108302,0,0,0,0
TRN-0522,25.7619,69.1276,32.6964,18.6309,16.2873,15.9744,20.6953,56.4635,25.8008,Valid,-0.04689074422683248,0.1887247083963608,0.7468933493374941,1.5259365432560479,0.04689074422683248,0.1887247083963608,0.7468933493374941,-0.31289999999999907,4.408000000000001,4.7209,1780.8583184400002,0,0,0,0
TRN-0612,22.9325,95.339,21.9622,58.4625,17.1118,17.1518,21.0356,37.9274,36.1073,Valid,0.4291170179202375,-0.5273587629391088,-0.3894824903134442,-2.486699110008743,0.4291170179202375,0.5273587629391088,0.3894824903134442,0.0400000000000027,3.9238,3.8837999999999973,2186.3616175,0,0,0,0
TRN-0706,12.8318,53.2613,36.8491,11.4673,9.0028,9.979,10.9948,42.5072,16.8909,Valid,0.26463153495416414,-0.2632933977376073,-1.4302232923652412,-3.3287949209059953,0.26463153495416414,0.2632933977376073,1.4302232923652412,0.9761999999999986,1.991999999999999,1.0158000000000005,683.43834934,0,0,0,0
TRN-0409,18.9372,42.7286,30.7494,59.6139,12.0414,11.6014,15.4897,71.2505,18.268,Valid,-0.7678332789492899,0.39227035163522217,1.0281247280857482,-0.45019679532630263,0.7678332789492899,0.39227035163522217,1.0281247280857482,-0.4399999999999995,3.4482999999999997,3.888299999999999,809.16004392,0,0,0,0
TRN-0741,10.1391,102.3696,30.4046,37.2094,10.9162,13.2917,12.6988,45.9982,39.7644,Valid,1.901556415727784,-0.9738274665204258,-3.884032736443247,-4.858233072259715,1.901556415727784,0.9738274665204258,3.884032736443247,2.3755000000000006,1.7826000000000004,-0.5929000000000002,1037.93561136,0,0,0,0
TRN-0162,13.1679,23.7918,20.5211,29.8586,8.0068,7.4467,10.4513,19.7703,13.4887,Valid,-1.3899611580514613,0.4459105221089583,1.2059909415487038,-3.6557951375402045,1.3899611580514613,0.4459105221089583,1.2059909415487038,-0.5601000000000003,2.4444999999999997,3.0046,313.28804321999996,0,0,0,0
TRN-0980,21.2551,92.5878,23.7463,51.8686,15.8742,16.2173,19.1395,77.3263,33.6704,Valid,0.5483812542622939,-0.8385277593040747,-1.1135692421818888,-2.8479467106981105,0.5483812542622939,0.8385277593040747,1.1135692421818888,0.3431000000000015,3.2653000000000016,2.9222,1967.96294778,0,0,0,0
TRN-0072,11.3676,24.7966,47.8326,39.7456,7.1229,7.6559,9.5351,59.5152,17.8875,Valid,-0.3987432660113823,0.639039169728477,0.027060562487079665,0.6702402908507743,0.3987432660113823,0.639039169728477,0.027060562487079665,0.5330000000000004,2.4122000000000003,1.8792,281.87783016000003,0,0,0,0
TRN-0670,13.7125,49.7963,29.9628,30.9329,9.5133,9.9252,12.031,61.3026,16.1612,Valid,-0.2376042490307615,0.1297299287204119,-0.3264812080428481,-3.483328648580809,0.2376042490307615,0.1297299287204119,0.3264812080428481,0.41190000000000104,2.5177000000000014,2.1058000000000003,682.83176375,0,0,0,0
TRN-0884,14.7955,47.2573,38.2309,35.7656,9.9198,10.4887,12.5743,44.566,17.7695,Valid,-0.030489175044369432,0.1603477636705808,-0.49058843902859905,-1.5075710579994528,0.030489175044369432,0.1603477636705808,0.49058843902859905,0.5688999999999993,2.6544999999999987,2.0855999999999995,699.19538215,0,0,0,0
TRN-0765,25.7638,21.9445,30.2554,47.5049,13.902,20.392,18.6341,52.7792,18.6845,Invalid,6.414124004392244,1.1726886200665447,-6.853440113046258,1.6761097641390883,6.414124004392244,1.1726886200665447,6.853440113046258,6.49,4.732100000000001,-1.7578999999999994,565.3737091,0,0,0,0
TRN-0208,27.5704,85.3055,24.6014,31.3391,18.2797,17.8617,22.6378,50.0485,31.0727,Valid,0.14983509547506202,-0.4248578705082977,0.32249872949297753,-0.6588365148754498,0.14983509547506202,0.4248578705082977,0.32249872949297753,-0.41799999999999926,4.3581,4.7761,2351.9067572,0,0,0,0
TRN-0116,17.1843,57.8166,30.8448,31.3097,11.8278,12.0699,14.9209,40.3349,18.4577,Valid,-0.11383270999786888,0.09422398008732458,-0.12867755461771857,-2.666826229221865,0.11383270999786888,0.09422398008732458,0.12867755461771857,0.24210000000000065,3.0930999999999997,2.850999999999999,993.53779938,0,0,0,0
TRN-0807,13.7129,81.1031,27.6251,31.0034,11.2408,12.5312,13.2541,54.4976,25.0497,Valid,0.8581223007263681,-0.8291845948316539,-2.37440290187879,-4.352424618412993,0.8581223007263681,0.8291845948316539,2.37440290187879,1.2904,2.013299999999999,0.7228999999999992,1112.1586999899998,0,0,0,0
TRN-0515,26.6475,106.3383,29.4929,14.2771,19.0362,19.4561,23.466,35.5775,48.7143,Valid,1.106211739306012,-0.5701666676706267,-0.8483421967092823,0.19879427254065973,1.106211739306012,0.5701666676706267,0.8483421967092823,0.4198999999999984,4.4298,4.009900000000002,2833.64984925,0,0,0,0
TRN-0771,10.5103,65.8953,33.8904,15.1601,8.8842,10.4931,10.7892,42.4119,20.7145,Valid,0.8830517476024795,-0.3195767970055048,-2.281211880355947,-2.512149890190571,0.8830517476024795,0.3195767970055048,2.281211880355947,1.6089000000000002,1.9049999999999994,0.29609999999999914,692.5793715900002,0,0,0,0
TRN-0252,28.7185,102.2871,26.2899,33.8702,19.6977,19.5107,24.4223,43.589,44.555,Valid,0.6046583999166373,-0.4664691908616021,0.03950941332871594,0.00942479460179868,0.6046583999166373,0.4664691908616021,0.03950941332871594,-0.18700000000000117,4.724599999999999,4.9116,2937.5320813499998,0,0,0,0
TRN-0762,25.9956,109.9526,44.171,32.6094,19.0835,20.0698,23.5018,26.7068,57.0971,Valid,1.6800903214223837,-0.5952896255023816,-1.5818647659246494,4.708847828990294,1.6800903214223837,0.5952896255023816,1.5818647659246494,0.9863,4.418299999999999,3.4319999999999986,2858.28380856,0,0,0,0
TRN-0722,13.5483,30.7805,39.3529,46.8138,8.7059,8.8392,11.4471,42.6593,16.6493,Valid,-0.6139174381622556,0.5627257766860296,0.45313136324256575,-1.0012629788692244,0.6139174381622556,0.5627257766860296,0.45313136324256575,0.1333000000000002,2.741200000000001,2.6079000000000008,417.02344815,0,0,0,0
TRN-0309,17.304,91.7646,36.5064,53.8731,13.7505,15.1453,16.6453,74.8414,35.7241,Valid,1.2979257434063136,-0.623251982301646,-2.263106281084493,-0.2026149732686946,1.2979257434063136,0.623251982301646,2.263106281084493,1.3948,2.8947999999999983,1.4999999999999982,1587.8946383999998,0,0,0,0
TRN-0454,18.7967,65.4734,40.9096,30.0071,13.0694,13.9466,16.4915,57.237,25.9462,Valid,0.6869805051871332,0.0891745235450756,-0.9130608207958666,2.847044719104723,0.6869805051871332,0.0891745235450756,0.9130608207958666,0.8772000000000002,3.4220999999999986,2.5448999999999984,1230.6838577800002,0,0,0,0
TRN-0312,11.6104,102.0657,46.6395,55.7037,11.7779,14.4485,13.6518,49.1068,46.3609,Valid,2.3081273674466978,-1.111642977193883,-4.382459263684764,2.0213561989905884,2.3081273674466978,1.111642977193883,4.382459263684764,2.6705999999999985,1.873899999999999,-0.7966999999999995,1185.02360328,0,0,0,0
TRN-0191,13.4092,41.696,35.3431,54.3964,9.4945,9.707,12.2115,45.3013,16.8215,Valid,-0.4393070930919034,0.3339292229364563,0.1279590068605998,-1.784264684235211,0.4393070930919034,0.3339292229364563,0.1279590068605998,0.21250000000000036,2.7169999999999987,2.5044999999999984,559.1100031999999,0,0,0,0
TRN-0913,30.3803,53.4373,35.2678,10.1371,17.5759,16.0709,22.6921,36.9262,22.5101,Valid,-1.0454727380287991,0.5336594073771543,2.6226548013206887,2.258722561225458,1.0454727380287991,0.5336594073771543,2.6226548013206887,-1.504999999999999,5.116199999999999,6.621199999999998,1623.44120519,0,0,0,0
TRN-0426,15.663,92.9721,42.0626,10.8552,12.5411,14.5453,14.8675,57.4867,36.7578,Valid,1.7427673485371393,-0.8638471743891696,-3.2882019205202297,-0.04132927185869306,1.7427673485371393,0.8638471743891696,3.2882019205202297,2.004199999999999,2.3263999999999996,0.3222000000000005,1456.2220023,0,0,0,0
TRN-0286,11.876,58.3091,18.0,17.1002,8.8853,9.7133,10.5956,51.7181,14.8376,Valid,0.10228394994762624,-0.5145615042169727,-1.4958504834756656,-6.395926922913327,0.10228394994762624,0.5145615042169727,1.4958504834756656,0.8279999999999994,1.7102999999999984,0.882299999999999,692.4788715999999,0,0,0,0
TRN-0400,15.8294,42.461,36.6762,38.4979,10.6434,10.7181,13.7955,58.1528,17.266,Valid,-0.4339566646800126,0.467762838231069,0.44264427716922405,-1.4225742023254178,0.4339566646800126,0.467762838231069,0.44264427716922405,0.07469999999999999,3.152100000000001,3.077400000000001,672.1321534,0,0,0,0
TRN-0498,9.247,29.5362,30.9868,39.7963,6.3095,6.6922,8.0435,23.9261,14.0908,Valid,-0.640226319169364,0.16630750621244061,-0.2541780888354541,-3.467974082799559,0.640226319169364,0.16630750621244061,0.2541780888354541,0.3826999999999998,1.734,1.3513000000000002,273.12124140000003,0,0,0,0
TRN-0379,27.3635,80.9819,24.8846,40.687,17.9053,17.2384,22.3222,41.2935,28.7559,Valid,-0.15691118670408954,-0.2592651486456141,0.7885155154273313,-0.5834394985900246,0.15691118670408954,0.2592651486456141,0.7885155154273313,-0.6669000000000018,4.416899999999998,5.0838,2215.9482206499997,0,0,0,0
TRN-0120,27.6676,107.92,25.534,37.3577,19.7172,19.6141,,66.4597,49.6937,Invalid,0.6916886053449929,,,-0.4772994551414911,0.6916886053449929,,,-0.10309999999999775,,,2985.887392,0,0,1,0
TRN-0062,13.8465,88.0545,18.0,14.4881,11.694,12.8662,13.6891,56.6009,25.5005,Valid,0.7987523064110054,-0.9680413966614267,-2.3597983067724613,-7.921903570426853,0.7987523064110054,0.9680413966614267,2.3597983067724613,1.1721999999999984,1.995099999999999,0.8229000000000006,1219.2466342500002,0,0,0,0
TRN-0216,10.4524,20.9992,31.1693,8.7182,6.133,6.6738,8.1383,61.5106,13.2191,Valid,-0.5015865556861039,0.48194157843318397,-0.13626686215308048,-3.717975085142731,0.5015865556861039,0.48194157843318397,0.13626686215308048,0.5408,2.005299999999999,1.4644999999999992,219.49203808,0,0,0,0
TRN-0246,20.7832,99.3301,37.9236,7.0177,15.7143,16.9205,18.9945,72.4032,42.2102,Valid,1.388145815865082,-0.7790725053484095,-2.140510422576071,0.3257522351514268,1.388145815865082,0.7790725053484095,2.140510422576071,1.2062000000000008,3.280199999999999,2.073999999999998,2064.39733432,0,0,0,0
TRN-0303,15.7997,94.2261,39.2941,32.7851,13.1259,14.9899,15.8749,46.3433,37.2738,Valid,1.6814581023226047,-0.5992318547781146,-2.8385623595622533,-0.4621049318509023,1.6814581023226047,0.5992318547781146,2.8385623595622533,1.8640000000000008,2.7490000000000006,0.8849999999999998,1488.74411217,0,0,0,0
TRN-0213,30.1751,79.3309,21.9507,18.1772,18.7655,17.5128,23.4268,32.0832,27.5048,Valid,-0.6090280905156646,-0.26082533821925225,1.5490095201007605,-1.002949598104582,0.6090280905156646,0.26082533821925225,1.5490095201007605,-1.2527000000000008,4.661300000000001,5.9140000000000015,2393.81784059,0,0,0,0
TRN-0156,19.8281,70.9773,33.1628,38.3599,14.1726,14.261,17.9427,42.5564,25.1633,Valid,0.050242675515651314,0.1366511837291533,0.14367817635709912,0.2291517339171385,0.050242675515651314,0.1366511837291533,0.14367817635709912,0.08840000000000003,3.7700999999999993,3.6816999999999993,1407.34500213,0,0,0,0
TRN-0703,26.2089,54.974,41.1151,26.273,16.2704,15.1831,20.948,45.5269,21.8275,Valid,-0.8237876169587004,0.4630572923711256,1.9921756150805834,1.2886788043185575,0.8237876169587004,0.4630572923711256,1.9921756150805834,-1.087299999999999,4.677600000000002,5.764900000000001,1440.8080685999998,0,0,0,0
TRN-0702,19.4301,32.991,28.6255,59.8097,12.1253,11.1045,15.7981,39.8642,18.0492,Valid,-1.3375495789422782,0.5942851639609383,1.9602163042811878,0.23026387949703064,1.3375495789422782,0.5942851639609383,1.9602163042811878,-1.0207999999999995,3.6728000000000005,4.6936,641.0184290999999,0,0,0,0
TRN-0784,15.8702,15.6296,39.2104,56.6342,9.2844,8.3762,12.6375,53.5794,15.9125,Valid,-1.585652974040384,1.0247124665316303,2.2249122877690333,-0.5842410357991152,1.585652974040384,1.0247124665316303,2.2249122877690333,-0.908199999999999,3.3530999999999995,4.2612999999999985,248.04487792,0,0,0,0
TRN-0929,10.8657,63.1203,31.5599,52.7209,17.2812,10.3317,11.1108,76.6147,20.992,Invalid,-6.534775749371873,-10.669442521236375,-1.7569996230199791,-1.433604190772268,6.534775749371873,10.669442521236375,1.7569996230199791,-6.949499999999999,-6.170399999999999,0.7790999999999997,685.8462437100001,0,0,0,0
TRN-0997,15.1471,61.1764,30.4936,18.3832,11.3087,11.8006,14.0115,64.296,18.0475,Valid,0.0683876602438076,-0.15772429408395539,-0.7000911139940573,-3.8677295199505934,0.0683876602438076,0.15772429408395539,0.7000911139940573,0.49189999999999934,2.7028,2.2109000000000005,926.64504844,0,0,0,0
TRN-0368,26.4526,41.6867,25.0217,25.7021,15.4035,13.8786,20.0559,44.0599,19.4551,Valid,-1.3880389819278829,0.6795203821854479,2.736657621502129,0.8503253121146557,1.3880389819278829,0.6795203821854479,2.736657621502129,-1.5248999999999988,4.652400000000002,6.177300000000001,1102.72160042,0,0,0,0
TRN-0015,9.8697,106.5144,35.524,34.3863,10.9308,13.743,12.4704,36.746,45.2592,Valid,2.340122047157198,-1.2206916901053049,-4.678704766600289,-3.437637697550926,2.340122047157198,1.2206916901053049,4.678704766600289,2.8122000000000007,1.5396,-1.2726000000000006,1051.2651736799999,0,0,0,0
TRN-0342,28.6801,34.5847,34.5762,26.7751,15.7586,14.168,20.6559,41.1764,20.871,Valid,-1.4021986878687969,0.8256908885972862,2.9735584037799434,2.9249280638853463,1.4021986878687969,0.8256908885972862,2.9735584037799434,-1.5906000000000002,4.8972999999999995,6.4879,991.8926544699999,0,0,0,0
TRN-0435,16.7485,20.8459,32.3547,55.9328,10.1249,9.1295,13.6252,42.7239,16.4881,Valid,-1.5692697876363013,0.9523935315121328,2.2667273776233436,-0.4372786901946135,1.5692697876363013,0.9523935315121328,2.2667273776233436,-0.9954000000000001,3.5002999999999993,4.495699999999999,349.13755615,0,0,0,0
TRN-0219,31.6478,62.8966,31.4592,47.6283,19.2432,17.5298,24.8905,52.5683,27.1426,Valid,-0.9942979738001725,0.5876674781403288,2.991391466594724,4.777800480028219,0.9942979738001725,0.5876674781403288,2.991391466594724,-1.7134,5.647299999999998,7.360699999999998,1990.53901748,0,0,0,0
TRN-0863,10.732,30.3546,18.0,26.322,6.7881,6.7639,8.8119,71.1859,12.5632,Valid,-0.9937733440221592,0.335440904630266,0.42416409830088675,-5.0557489333802845,0.9937733440221592,0.335440904630266,0.42416409830088675,-0.024200000000000443,2.0237999999999996,2.048,325.7655672,0,0,0,0
TRN-0217,12.8841,56.0493,29.0429,48.7273,13.667,16.5939,12.7182,55.1213,17.1996,Invalid,2.8184890138788194,-4.44408468208227,-8.007205982020476,-3.5522921741191773,2.8184890138788194,4.44408468208227,8.007205982020476,2.9269000000000016,-0.9488000000000003,-3.875700000000002,722.14478613,0,0,0,0
TRN-0791,22.6952,45.442,31.1286,36.3539,13.5856,12.7301,17.5582,51.0872,19.3063,Valid,-0.9751325548697558,0.4994907757603535,1.6800926198353743,0.2670360147531454,0.9751325548697558,0.4994907757603535,1.6800926198353743,-0.8554999999999993,3.9726,4.828099999999999,1031.3152784,0,0,0,0
TRN-0993,30.921,107.667,40.2538,39.6437,21.2226,21.4006,26.4027,52.0188,54.5231,Valid,1.218718625668803,-0.4562834870394852,-0.34898641781866147,4.620975945123313,1.218718625668803,0.4562834870394852,0.34898641781866147,0.17800000000000082,5.1800999999999995,5.002099999999999,3329.171307,0,0,0,0
TRN-0481,28.8309,92.0524,22.5305,20.2385,19.4131,18.7107,24.0829,24.1901,34.7951,Valid,0.04373474587574222,-0.43889648278493354,0.7030723950457869,-1.3369399894581093,0.04373474587574222,0.43889648278493354,0.7030723950457869,-0.7024000000000008,4.669799999999999,5.372199999999999,2653.95353916,0,0,0,0
TRN-0237,15.926,15.8727,28.8574,49.7271,9.1475,8.3813,12.2518,39.5061,15.0726,Valid,-1.460275157179943,0.8114756336101205,1.8328080878552004,-1.445749599422074,1.460275157179943,0.8114756336101205,1.8328080878552004,-0.7662000000000013,3.1042999999999985,3.8705,252.7886202,0,0,0,0
TRN-0424,31.766,63.1176,34.6055,14.9161,18.9696,17.6123,24.3552,47.8771,27.2886,Valid,-0.681504220140372,0.4048040380092246,2.352636980138744,4.86373297604155,0.681504220140372,0.4048040380092246,2.352636980138744,-1.3572999999999986,5.3856,6.742899999999999,2004.9936816,0,0,0,0
TRN-0224,22.1138,69.3864,45.2051,24.9273,14.8369,14.9851,18.8101,50.5464,29.6462,Valid,0.2037962333154848,0.15710483029965516,0.10265914673770027,5.281768192205998,0.2037962333154848,0.15710483029965516,0.10265914673770027,0.14819999999999922,3.9731999999999985,3.8249999999999993,1534.39697232,0,0,0,0
TRN-0024,17.4295,76.4987,41.6689,49.1177,12.8582,14.1314,15.8929,,28.5819,Valid,1.0543866068093415,-0.2410905109182746,-1.7435218341210632,1.4008718021216673,1.0543866068093415,0.2410905109182746,1.7435218341210632,1.2731999999999992,3.034699999999999,1.7614999999999998,1333.3340916500001,0,0,0,1
TRN-0761,8.4072,51.5741,32.3668,9.8077,7.052,8.3476,8.6095,67.879,14.9056,Valid,0.35581065590868377,-0.19767568248462908,-1.767173872909595,-5.022759561341093,0.35581065590868377,0.19767568248462908,1.767173872909595,1.2956000000000003,1.557500000000001,0.2619000000000007,433.59377352,0,0,0,0
TRN-0551,23.5579,70.8232,32.6027,43.3158,15.7487,24.8572,19.3857,22.1708,26.582,Invalid,9.295458027040157,-0.43185168390767714,-11.69692217335069,1.7044937920168728,9.295458027040157,0.43185168390767714,11.69692217335069,9.1085,3.6370000000000005,-5.471499999999999,1668.44586328,0,0,0,0
TRN-0768,24.9567,103.8645,43.7261,16.1546,17.6763,,21.7368,53.8115,49.1874,Invalid,,-0.550544063508358,,3.1414948444403947,,0.550544063508358,,,4.0604999999999976,,2592.11516715,0,1,0,0
TRN-0109,22.871,98.2611,23.1992,7.9469,16.5071,16.9606,20.0505,53.2645,37.4384,Valid,0.7520803350601639,-0.7375015054093943,-1.1348003359281904,-3.5314013885237117,0.7520803350601639,0.7375015054093943,1.1348003359281904,0.45349999999999824,3.5433999999999983,3.0899,2247.3296181,0,0,0,0
TRN-0873,26.6998,56.1904,35.416,31.4179,16.3946,15.2187,21.3825,41.5613,21.7451,Valid,-0.8940129823362124,0.738557887055947,2.382017541196447,0.9644960013591728,0.8940129823362124,0.738557887055947,2.382017541196447,-1.1759000000000004,4.9879,6.1638,1500.27244192,0,0,0,0
TRN-0589,23.5742,80.0256,28.2073,5.4162,15.6847,15.9431,19.5115,52.9688,22.5337,Invalid,0.43603651348816364,-0.22423267337839903,-0.3976471386143885,-6.31862205432434,0.43603651348816364,0.22423267337839903,0.3976471386143885,0.25839999999999996,3.826800000000002,3.5684000000000022,1886.53949952,0,0,0,0
TRN-0203,12.9827,26.2827,18.5198,33.0949,8.5219,-0.2015,11.2283,67.3265,13.8386,Invalid,-9.492545529978141,0.575406573779425,11.593883222934409,-3.4854441938765817,9.492545529978141,0.575406573779425,11.593883222934409,-8.7234,2.7064000000000004,11.4298,341.22040928999996,0,0,0,0
TRN-0963,22.0301,29.581,24.2657,46.4353,12.6477,11.2868,16.7821,72.0159,17.5945,Valid,-1.6080470881039783,0.91542777249939,2.715394290498539,0.032449347199385414,1.6080470881039783,0.91542777249939,2.715394290498539,-1.3609000000000009,4.134399999999999,5.4953,651.6723881,0,0,0,0
TRN-0445,21.45,50.8455,34.0144,31.5401,13.5733,13.0423,17.1751,47.7971,19.8208,Valid,-0.6523260494490479,0.1320399597811388,0.9052202283368302,0.01154399355762692,0.6523260494490479,0.1320399597811388,0.9052202283368302,-0.5310000000000006,3.601800000000001,4.132800000000001,1090.635975,0,0,0,0
TRN-0935,9.4254,88.5794,30.4932,48.8792,9.996,12.1686,18.5332,39.0483,29.1563,Invalid,1.5826736379612356,6.0230907516095264,3.359751890793147,-4.60462837400145,1.5826736379612356,6.0230907516095264,3.359751890793147,2.172599999999999,8.5372,6.364600000000001,834.8962767600001,0,0,0,0
TRN-0415,19.177,89.8922,38.4577,56.7523,15.2102,15.9875,18.729,36.1364,36.2324,Valid,0.8863024254798866,-0.4004878899319344,-1.2358378932509417,1.6022576464883898,0.8863024254798866,0.4004878899319344,1.2358378932509417,0.7773000000000003,3.518799999999999,2.7414999999999985,1723.8627194,0,0,0,0
TRN-0209,29.9956,79.3101,32.0155,17.061,18.8294,18.2246,23.9815,35.0363,30.7826,Invalid,0.048912613359643586,0.21161880498916474,1.2111566636650544,2.2850488562882774,0.048912613359643586,0.21161880498916474,1.2111566636650544,-0.6048000000000009,5.152100000000001,5.756900000000002,2378.95403556,0,0,0,0
TRN-0544,27.3237,36.5954,27.8369,36.5974,15.3085,13.4413,19.8104,29.1183,20.0523,Valid,-1.7440478822222047,0.5553721832206477,3.0398513000356893,1.936855365308599,1.7440478822222047,0.5553721832206477,3.0398513000356893,-1.8672000000000004,4.501900000000001,6.369100000000001,999.9217309799999,0,0,0,0
TRN-0111,20.1785,19.6058,37.9269,15.0994,11.127,10.1191,14.7335,33.4432,16.8476,Valid,-1.4548298546822078,0.7942201784181151,2.1325936527854825,0.01838531634806273,1.4548298546822078,0.7942201784181151,2.1325936527854825,-1.0079000000000011,3.6064999999999987,4.6144,395.61563529999995,0,0,0,0
TRN-0526,31.4644,29.237,41.6587,52.351,17.3032,15.1398,22.8723,49.0786,22.4432,Valid,-1.7453422872857285,1.0638327695602143,3.970793200900239,4.90626261911385,1.7453422872857285,1.0638327695602143,3.970793200900239,-2.163400000000001,5.569099999999999,7.7325,919.9246628,0,0,0,0
TRN-0940,9.6406,56.2683,24.8761,48.8917,8.3068,9.0676,10.0189,32.4217,15.3632,Valid,-0.03381995852322106,-0.3635104665186919,-1.2618516092219938,-5.433331462237211,0.03381995852322106,0.3635104665186919,1.2618516092219938,0.7607999999999997,1.7120999999999995,0.9512999999999998,542.46017298,0,0,0,0
TRN-0838,31.932,79.8589,32.6147,44.5479,20.6119,19.6283,25.9704,14.6559,32.5568,Valid,-0.04366680627292041,-0.09874092889939945,1.440184019345356,3.7878640023437704,0.04366680627292041,0.09874092889939945,1.440184019345356,-0.9835999999999991,5.358500000000003,6.342100000000002,2550.0543948,0,0,0,0
TRN-0708,17.9052,36.8289,26.0267,32.4417,10.976,10.3199,14.1071,40.9626,16.3153,Valid,-1.1223971250242624,0.3588412204611213,1.2541136093672058,-1.8205627617351041,1.1223971250242624,0.3588412204611213,1.2541136093672058,-0.6561000000000003,3.1311,3.7872000000000003,659.42882028,0,0,0,0
TRN-0075,10.6255,33.6857,32.3691,40.2823,7.5093,7.9531,9.6454,54.134,14.8973,Valid,-0.4437633999669428,0.26466795152614253,-0.23587319942290463,-2.9763727878218393,0.4437633999669428,0.26466795152614253,0.23587319942290463,0.4438000000000004,2.1361000000000008,1.6923000000000004,357.92740535,0,0,0,0
TRN-0321,16.4319,106.2896,25.8871,25.654,14.4604,15.843,1.0,69.2522,44.1173,Invalid,1.3848583401689147,-17.17282274676991,-18.78359071897911,-4.348189923212203,1.3848583401689147,17.17282274676991,18.78359071897911,1.3826,-13.4604,-14.843,1746.5400782399997,0,0,0,0
TRN-0867,12.4308,52.8897,31.9177,46.884,9.4185,10.1833,11.7055,,17.0184,Valid,0.10369696450991839,-0.07627545300143268,-0.9760024859460561,-3.135216654704692,0.10369696450991839,0.07627545300143268,0.9760024859460561,0.7647999999999993,2.287000000000001,1.5222000000000016,657.4612827599999,0,0,0,1
TRN-0416,16.6191,71.8971,38.4489,6.7605,12.0738,13.1961,14.7668,,25.4373,Valid,0.7987438483192086,-0.37171045043327844,-1.6960730009663472,0.1584380973325672,0.7987438483192086,0.37171045043327844,1.6960730009663472,1.1222999999999992,2.6929999999999996,1.5707000000000004,1194.86509461,0,0,0,1
TRN-0188,26.6142,90.5936,48.4553,12.0777,17.7157,18.4443,22.0111,,43.1445,Valid,1.2094941507796975,-0.3268375884990853,-1.0347141728904319,8.036573207451589,1.2094941507796975,0.3268375884990853,1.0347141728904319,0.7286000000000001,4.295400000000001,3.5668000000000006,2411.07618912,0,0,0,1
TRN-0050,11.9381,73.8834,36.8656,56.3173,10.3871,11.833,12.4416,62.0085,25.2323,Valid,0.9048825625736132,-0.5623016524989026,-2.3106556345121323,-0.8305691261171688,0.9048825625736132,0.5623016524989026,2.3106556345121323,1.4459,2.054499999999999,0.6085999999999991,882.02741754,0,0,0,0
TRN-0150,26.2178,25.4714,35.5228,48.3043,14.3505,12.58,19.1492,42.953,19.5769,Valid,-1.7837113192852083,1.1164624693320917,3.459456093738691,2.3110747092342514,1.7837113192852083,1.1164624693320917,3.459456093738691,-1.7705000000000002,4.7987,6.5692,667.80407092,0,0,0,0
TRN-0142,21.3253,74.4008,46.0511,24.5985,14.5831,15.3581,18.2474,47.2732,31.2509,Valid,0.7945829319488595,-0.08186455365146017,-0.9279491356723035,4.9747006860786485,0.7945829319488595,0.08186455365146017,0.9279491356723035,0.7750000000000004,3.664299999999999,2.8892999999999986,1586.61938024,0,0,0,0
TRN-0133,8.076,29.8006,45.4033,12.3513,5.9675,7.1174,7.6489,60.1719,15.0277,Valid,0.08937151140732791,0.19953144128082112,-1.1828306258499106,-2.5504393398804055,0.08937151140732791,0.19953144128082112,1.1828306258499106,1.1498999999999997,1.6814,0.5315000000000003,240.6696456,0,0,0,0
TRN-0906,25.8413,81.9552,43.1604,47.0577,17.4843,17.531,22.1277,41.4904,34.7399,Valid,0.4922667141224437,0.08683934182078801,0.22708666487500295,4.8895431512104714,0.4922667141224437,0.08683934182078801,0.22708666487500295,0.04669999999999774,4.6434,4.596700000000002,2117.82890976,0,0,0,0
TRN-0894,9.8798,101.6812,38.8328,20.6455,10.6819,13.5792,12.2654,34.8847,41.2056,Valid,2.3935255476351927,-1.1109982590867453,-4.678179934618413,-2.778771019921834,2.3935255476351927,1.1109982590867453,4.678179934618413,2.8972999999999995,1.583499999999999,-1.3138000000000005,1004.5899197599999,0,0,0,0
TRN-0944,9.9425,82.4452,35.8081,40.7018,9.6835,11.9735,,50.8812,27.0719,Invalid,1.6614037886791646,,,-3.041668437477025,1.6614037886791646,,,2.289999999999999,,,819.711401,0,0,1,0
TRN-0030,31.3419,73.0867,33.8379,8.3587,19.2448,18.2686,24.291,54.3545,29.1257,Valid,-0.2568439002961398,-0.013894185897751044,1.46548653717009,3.3838960852742943,0.2568439002961398,0.013894185897751044,1.46548653717009,-0.9762000000000022,5.046199999999999,6.022400000000001,2290.6760427299996,0,0,0,0
TRN-0302,24.9096,36.4844,36.5374,37.3227,14.063,13.0071,18.5927,61.9299,19.6812,Valid,-1.1093672471986586,0.9262635686910983,2.366990956878233,1.575403335332659,1.1093672471986586,0.9262635686910983,2.366990956878233,-1.0559000000000012,4.5297,5.585600000000001,908.8118102400001,0,0,0,0
TRN-0623,16.5307,105.1387,45.288,58.565,14.3957,16.4442,17.1558,35.4316,50.0012,Invalid,2.0416456382981796,-0.9345480020884018,-3.3818534460569687,2.701269678918969,2.0416456382981796,0.9345480020884018,3.3818534460569687,2.048499999999999,2.7600999999999996,0.7116000000000007,1738.01630809,0,0,0,0
TRN-0230,17.355,73.8506,31.1921,18.0737,12.7189,13.471,15.6576,56.9299,24.5185,Valid,0.5145180815139305,-0.29947634823122193,-1.1502153381842302,-1.5309739486297183,0.5145180815139305,0.29947634823122193,1.1502153381842302,0.7521000000000004,2.9387000000000008,2.1866000000000003,1281.677163,0,0,0,0
TRN-0060,19.2254,85.8028,25.5407,7.2014,14.0182,14.7872,17.1449,74.0543,28.3885,Valid,0.7092875732792496,-0.46447851592514766,-1.3142753879535363,-3.6388645131161823,0.7092875732792496,0.46447851592514766,1.3142753879535363,0.7690000000000001,3.1266999999999996,2.3576999999999995,1649.5931511200001,0,0,0,0
TRN-0546,23.5675,93.8871,42.115,39.0131,16.7881,17.4537,20.697,64.5418,40.7055,Valid,1.0060826023659608,-0.45098844344427746,-1.1066784702537582,3.2259627352975997,1.0060826023659608,0.45098844344427746,1.1066784702537582,0.6656000000000013,3.908899999999999,3.243299999999998,2212.68422925,0,0,0,0
TRN-0210,30.7343,45.0422,45.8651,6.7379,17.3434,15.8132,22.8473,36.1972,23.9181,Valid,-1.106046482988459,0.9872549419684056,3.1010880802600376,4.928629478010521,1.106046482988459,0.9872549419684056,3.1010880802600376,-1.530199999999999,5.503900000000002,7.0341000000000005,1384.34048746,0,0,0,0
TRN-0893,14.6172,18.3131,44.6837,8.8063,8.0847,8.1434,10.6928,87.7375,16.0594,Valid,-0.7620424373132266,0.5895355533482824,0.5725503946480348,-0.6662002235330924,0.7620424373132266,0.5895355533482824,0.5725503946480348,0.058699999999999974,2.6081000000000003,2.5494000000000003,267.68624532,0,0,0,0
TRN-0797,20.8602,47.6941,30.521,34.8513,12.9399,12.4513,,17.2785,18.6989,Invalid,-0.6963719295327362,,,-0.6383897103514578,0.6963719295327362,,,-0.4885999999999999,,,994.90846482,0,0,1,0
TRN-0482,15.4736,30.7634,31.3967,13.3708,9.1938,9.1559,11.9994,33.9757,15.6428,Valid,-0.7263613014395176,0.5007540777169339,0.6077800245441978,-2.0064892977040802,0.7263613014395176,0.5007540777169339,0.6077800245441978,-0.03789999999999871,2.8056,2.843499999999999,476.02054624,0,0,0,0
TRN-0469,9.7518,38.6358,39.6464,44.0459,7.2393,8.3028,9.3167,22.5854,15.7717,Valid,0.14500700489559648,0.27468080349177804,-1.0037169197608264,-2.5281811709476223,0.14500700489559648,0.27468080349177804,1.0037169197608264,1.0634999999999994,2.077400000000001,1.0139000000000014,376.76859444,0,0,0,0
TRN-0078,30.5467,109.1931,43.2382,33.7685,20.9985,21.4309,25.9315,77.0158,57.4073,Valid,1.4359733505455736,-0.6375218007673418,-0.8581604833243546,5.85950510900539,1.4359733505455736,0.6375218007673418,0.8581604833243546,0.43240000000000123,4.933,4.500599999999999,3335.48886777,0,0,0,0
TRN-0240,15.0667,104.1581,36.4027,33.943,13.3738,15.3232,15.8001,51.3264,44.9059,Valid,1.800685041336294,-0.989198511639124,-3.3314700887914945,-1.4255952482293495,1.800685041336294,0.989198511639124,3.3314700887914945,1.9494000000000007,2.4263000000000012,0.47690000000000055,1569.31884527,0,0,0,0
TRN-0787,25.5006,45.3,39.6521,11.5301,14.4892,13.563,18.6989,53.7007,20.2559,Valid,-0.9198802918809381,0.4893612945599486,1.775646971782436,1.2344246463363042,0.9198802918809381,0.4893612945599486,1.775646971782436,-0.9261999999999997,4.209699999999998,5.135899999999998,1155.17718,0,0,0,0
TRN-0658,8.197,36.7874,36.1863,47.6958,6.2612,7.4791,8.1375,47.2552,14.6794,Valid,0.18963676183932332,0.32074860063922106,-1.148500153857519,-3.4528215772239275,0.18963676183932332,0.32074860063922106,1.148500153857519,1.2179000000000002,1.8762999999999996,0.6583999999999994,301.54631779999994,0,0,0,0
TRN-0243,11.3687,28.3467,45.6981,56.6098,7.6108,8.0341,9.851,62.3478,16.775,Valid,-0.4525658902375138,0.3428829278096188,-0.13199283985792398,-0.6973691583188426,0.4525658902375138,0.3428829278096188,0.13199283985792398,0.42330000000000023,2.2402000000000006,1.8169000000000004,322.26512829,0,0,0,0
TRN-0506,14.2378,29.0391,42.7409,35.8399,8.9455,8.8975,11.729,39.6624,16.2324,Valid,-0.7664740989089065,0.5430519538578835,0.6618279453708968,-1.2901353256149939,0.7664740989089065,0.5430519538578835,0.6618279453708968,-0.047999999999998266,2.7835,2.8314999999999984,413.45289798000005,0,0,0,0
TRN-0732,31.7669,86.9219,26.3532,49.2088,20.5981,19.391,25.9812,57.9927,33.7325,Valid,-0.26942819557106645,-0.07010520138106457,1.7484700791635355,1.0232799874641074,0.26942819557106645,0.07010520138106457,1.7484700791635355,-1.2071000000000005,5.383100000000002,6.590200000000003,2761.23930511,0,0,0,0
TRN-0489,26.606,74.4996,26.1555,14.439,17.1607,16.5283,21.4351,37.1672,25.8404,Valid,-0.2359020291789733,-0.19057271896221906,0.7919684907007394,-0.476971721024789,0.2359020291789733,0.19057271896221906,0.7919684907007394,-0.632399999999997,4.2744,4.906799999999997,1982.1363576,0,0,0,0
TRN-0842,8.4367,41.2956,39.4313,21.0233,6.7362,7.9235,8.6162,54.0452,14.9845,Valid,0.2118997188387972,0.20475790848969488,-1.2279012693682496,-3.578995833603642,0.2118997188387972,0.20475790848969488,1.2279012693682496,1.1872999999999996,1.879999999999999,0.6926999999999994,348.39858852000003,0,0,0,0
TRN-0988,21.9567,31.7733,22.7884,5.9133,12.9157,11.382,16.8997,47.4598,16.6707,Valid,-1.7447450665016841,0.6926669537420693,2.713502233015509,-1.0545086002359092,1.7447450665016841,0.6926669537420693,2.713502233015509,-1.5336999999999996,3.984,5.5177,697.63681611,0,0,0,0
TRN-0721,16.9431,86.3196,27.0104,38.5934,13.4948,14.3679,16.283,65.9021,28.9001,Valid,0.7409791591002435,-0.6601953895608652,-1.6501393410376437,-3.439352372736206,0.7409791591002435,0.6601953895608652,1.6501393410376437,0.8731000000000009,2.7882000000000016,1.9151000000000007,1462.52161476,0,0,0,0
TRN-0646,25.9459,17.3392,44.559,44.8019,13.7463,11.9815,29.9373,48.0835,20.3064,Invalid,-1.8622551678872803,12.674093676954008,14.998667843477422,3.661520992572747,1.8622551678872803,12.674093676954008,14.998667843477422,-1.7647999999999993,16.191000000000003,17.9558,449.8811492800001,0,0,0,0
TRN-0681,15.4946,24.9221,38.7031,11.3605,9.2215,9.0022,12.0966,51.5528,16.121,Valid,-0.9043988678564325,0.563058975864239,0.8979647526842065,-1.1053064264125254,0.9043988678564325,0.563058975864239,0.8979647526842065,-0.2193000000000005,2.8750999999999998,3.0944000000000003,386.15797066,0,0,0,0
TRN-0137,22.2192,100.676,37.4391,56.4213,17.3095,10.6228,21.2274,45.9637,44.5411,Invalid,-6.2676873726912685,-0.5891500165130985,7.994173771519511,1.4695594020877536,6.2676873726912685,0.5891500165130985,7.994173771519511,-6.6867,3.9178999999999995,10.6046,2236.9401792000003,0,0,0,0
TRN-0474,19.7376,68.2093,24.9525,24.924,13.4189,13.5545,16.9523,56.4578,21.7249,Valid,-0.006936257840868265,0.1056448343019305,0.03971234368213672,-2.239022080289388,0.006936257840868265,0.1056448343019305,0.03971234368213672,0.13560000000000016,3.5334000000000003,3.3978,1346.28787968,0,0,0,0
TRN-0793,29.9433,90.2695,38.0274,29.5678,,19.314,24.3668,51.4928,38.8282,Invalid,,,0.23060175867538746,3.9422145269589635,,,0.23060175867538746,,,5.052800000000001,2702.96671935,1,0,0,0
TRN-0300,28.3887,54.9243,24.6385,26.9051,16.6301,15.3415,21.3679,23.2394,21.2878,Valid,-0.9717143212283439,0.42235201393698674,2.2133741072960653,0.758585163959669,0.9717143212283439,0.42235201393698674,2.2133741072960653,-1.2885999999999989,4.7378,6.026399999999999,1559.22947541,0,0,0,0
TRN-0096,24.6363,36.24,34.7335,15.5026,13.896,12.6338,18.1854,56.9828,19.1808,Valid,-1.3389092368688829,0.7316278681032315,2.4281409162174814,1.0961164000770225,1.3389092368688829,0.7316278681032315,2.4281409162174814,-1.2622,4.2894000000000005,5.5516000000000005,892.819512,0,0,0,0
TRN-0399,10.3861,18.7855,32.6305,50.6218,6.3956,6.3908,8.4581,20.3764,13.2902,Valid,-1.0181911151316552,0.47314808892529037,0.5390018868743898,-3.4737036610659384,1.0181911151316552,0.47314808892529037,0.5390018868743898,-0.0048000000000003595,2.0625,2.0673000000000004,195.10808155,0,0,0,0
TRN-0392,10.1905,67.5579,25.3445,35.5989,9.0985,10.207,10.7316,48.0055,18.7934,Valid,0.4084923158795597,-0.6470084669073533,-1.979655069906606,-4.956363550478841,0.4084923158795597,0.6470084669073533,1.979655069906606,1.1085000000000012,1.6331000000000007,0.5245999999999995,688.44877995,0,0,0,0
TRN-0922,29.8423,23.2777,32.2842,35.1458,16.0758,13.5681,21.498,52.7638,20.4154,Valid,-2.272861885526705,1.262092986443566,4.568347755175839,3.3084276201437213,2.272861885526705,1.262092986443566,4.568347755175839,-2.5077000000000016,5.4222,7.929900000000002,694.66010671,0,0,0,0
TRN-0674,10.2641,67.6886,36.7714,5.0434,8.766,10.3713,10.3567,76.1003,21.7744,Valid,0.8652722844809251,-0.6033039375903915,-2.5608116349005066,-2.017911656765527,0.8652722844809251,0.6033039375903915,2.5608116349005066,1.6052999999999997,1.5907,-0.014599999999999724,694.7625592599999,0,0,0,0
TRN-0805,15.6191,87.307,31.2849,31.8206,12.6735,13.9206,15.2714,60.0861,30.0341,Invalid,1.0034167595317083,-0.6280293441043607,-2.1005391663052357,-2.914983161621759,1.0034167595317083,0.6280293441043607,2.1005391663052357,1.2470999999999997,2.597899999999999,1.3507999999999996,1363.6567637,0,0,0,0
TRN-0849,18.5832,83.5181,42.8469,19.2857,13.6044,14.8572,16.5177,38.1275,31.9025,Valid,1.1357569655070012,-0.5649291408261661,-2.029291201305746,1.1984923296972845,1.1357569655070012,0.5649291408261661,2.029291201305746,1.2528000000000006,2.9133000000000013,1.6605000000000008,1552.0335559200003,0,0,0,0
TRN-0720,8.7305,38.7524,42.7652,39.973,6.9272,7.8504,8.7984,39.3478,15.6642,Valid,-0.030706740725495507,0.14764720738607373,-0.9539009646939594,-2.646655491806241,0.030706740725495507,0.14764720738607373,0.9539009646939594,0.9231999999999996,1.8712000000000009,0.9480000000000013,338.3278282,0,0,0,0
TRN-0244,13.7541,79.6813,23.9523,25.6729,11.413,12.2854,13.6117,77.2696,23.4988,Valid,0.4623854473531619,-0.6895605195425922,-1.70833216970275,-5.181786733287975,0.4623854473531619,0.6895605195425922,1.70833216970275,0.872399999999999,2.1987000000000005,1.3263000000000016,1095.9445683299998,0,0,0,0
TRN-0584,14.8001,41.6142,34.1941,23.5459,9.4725,9.6892,11.9039,71.7649,16.9156,Valid,-0.43780023779986976,0.05406115219909857,-0.15729350384595442,-1.6814704834377672,0.43780023779986976,0.05406115219909857,0.15729350384595442,0.21669999999999945,2.4314,2.2147000000000006,615.89432142,0,0,0,0
TRN-0393,22.8787,26.2566,33.3296,26.8598,12.6389,11.2659,16.9462,36.961,18.0061,Valid,-1.6213279880710747,1.0907003058066032,2.9057275442813175,0.683927336551303,1.6213279880710747,1.0907003058066032,2.9057275442813175,-1.3729999999999993,4.3073000000000015,5.680300000000001,600.71687442,0,0,0,0
TRN-0046,12.6004,70.012,26.6228,27.805,10.1212,11.1769,11.9567,43.7905,20.5183,Valid,0.4813684543593819,-0.7114356744216686,-1.97206054940089,-4.066214639017442,0.4813684543593819,0.7114356744216686,1.97206054940089,1.0556999999999999,1.8354999999999997,0.7797999999999998,882.1792048000001,0,0,0,0
TRN-0055,13.7835,22.704,46.1581,56.4581,8.6208,8.5332,11.4585,31.2953,18.0216,Valid,-0.844974865815006,0.6811977164586906,0.8487656348003974,0.9567999588061049,0.844974865815006,0.6811977164586906,0.8487656348003974,-0.08759999999999835,2.8377000000000017,2.9253,312.940584,0,0,0,0
TRN-0040,30.7001,21.7619,23.3392,38.6122,16.4355,8.515,22.2017,59.9267,19.5066,Invalid,-7.632549491637288,1.5053884946788294,11.614819340064534,2.511883346394832,7.632549491637288,1.5053884946788294,11.614819340064534,-7.9205000000000005,5.766199999999998,13.686699999999998,668.09250619,0,0,0,0
TRN-0604,29.1572,28.9227,36.6761,40.8287,16.2795,7.4881,21.7575,56.1516,21.4041,Invalid,-8.526543279307884,1.2609090797254758,12.460196799181457,3.89002133845932,8.526543279307884,1.2609090797254758,12.460196799181457,-8.7914,5.4780000000000015,14.269400000000001,843.30494844,0,0,0,0
TRN-0383,19.269,79.1736,31.6065,46.7932,14.3271,14.7891,17.4732,,27.4728,Valid,0.4455006810017199,-0.529714942894465,-0.9883589722178527,-0.9579936695040026,0.4455006810017199,0.529714942894465,0.9883589722178527,0.46199999999999974,3.146099999999999,2.684099999999999,1525.5960983999998,0,0,0,1
TRN-0631,16.4187,61.9808,30.0559,32.3224,12.0878,12.3883,,29.1391,18.9129,Invalid,-0.021206799642772722,,,-3.208633162230612,0.021206799642772722,,,0.30049999999999955,,,1017.6441609600001,0,0,1,0
TRN-0596,14.7864,22.9753,32.572,55.831,8.9076,8.5735,11.5828,,16.1452,Valid,-1.0571349754756394,0.4445659557176498,0.9224612237799015,-0.9395858626106808,1.0571349754756394,0.4445659557176498,0.9224612237799015,-0.3341000000000012,2.6752000000000002,3.0093000000000014,339.72197592000003,0,0,0,1
TRN-0954,9.0295,82.9809,39.0311,45.0216,9.3595,11.461,11.1991,41.8283,28.6045,Valid,1.4331952216040342,-0.5083194540899765,-3.0862547957333533,-1.8014384537272363,1.4331952216040342,0.5083194540899765,3.0862547957333533,2.1014999999999997,1.839599999999999,-0.2619000000000007,749.2760365500001,0,0,0,0
TRN-0069,10.6599,55.4415,45.4533,57.3204,8.7772,10.33,10.7495,50.0292,18.0376,Invalid,0.8141136211948883,-0.22459913948714494,-2.116165514886573,-2.5926207458456574,0.8141136211948883,0.22459913948714494,2.116165514886573,1.5527999999999995,1.9722999999999988,0.4194999999999993,591.00084585,0,0,0,0
TRN-0195,14.6346,44.3665,26.2526,39.6835,10.1485,10.0617,12.6422,48.8083,15.6746,Valid,-0.6577233196544157,-0.06039948442123233,0.11335378629873993,-3.2327278318537704,0.6577233196544157,0.06039948442123233,0.11335378629873993,-0.08680000000000021,2.4937000000000005,2.5805000000000007,649.2859809,0,0,0,0
TRN-0104,19.0061,71.4244,23.5275,37.0969,13.4861,13.6011,16.8051,48.3686,21.7428,Valid,-0.01831579248380777,-0.12702867558469322,-0.1659588220852477,-3.3574840635780028,0.01831579248380777,0.12702867558469322,0.1659588220852477,0.11500000000000021,3.318999999999999,3.203999999999999,1357.4992888400002,0,0,0,0
TRN-0751,11.0406,64.0415,40.4972,35.006,9.1935,10.7225,11.2221,46.527,22.9613,Valid,0.8405022979669337,-0.2761680090398553,-2.1362789740091106,0.2794719445262288,0.8405022979669337,0.2761680090398553,2.1362789740091106,1.529,2.028599999999999,0.49959999999999916,707.0565849,0,0,0,0
TRN-0537,18.6335,82.6128,23.4196,29.3012,13.8318,14.213,16.8344,51.8193,26.1312,Valid,0.29558348080016117,-0.5376386417910695,-0.9043999742360782,-4.073320188645571,0.29558348080016117,0.5376386417910695,0.9043999742360782,0.38119999999999976,3.0025999999999993,2.6213999999999995,1539.3656088,0,0,0,0
TRN-0348,18.6216,39.1216,29.5936,25.5068,10.9669,10.4217,13.9351,53.0223,17.3091,Valid,-1.0126615764802018,0.19835099502672193,0.9543189590558203,-1.0368369068974808,1.0126615764802018,0.19835099502672193,0.9543189590558203,-0.5452000000000012,2.9681999999999995,3.5134000000000007,728.50678656,0,0,0,0
TRN-0730,15.3273,38.6999,49.7777,59.2633,10.4496,10.8623,13.4307,39.9543,22.7637,Valid,-0.12044867923255786,0.34784685772890533,-0.10316582850814804,4.457791944610371,0.12044867923255786,0.34784685772890533,0.10316582850814804,0.4126999999999992,2.9810999999999996,2.5684000000000005,593.16497727,0,0,0,0
TRN-0961,25.6003,45.6984,36.3889,34.2858,15.3215,14.1184,19.8526,55.4214,20.6785,Valid,-1.078073914093796,0.580967676188564,2.2324885246277937,1.6068251966067173,1.078073914093796,0.580967676188564,2.2324885246277937,-1.203100000000001,4.531099999999999,5.7341999999999995,1169.89274952,0,0,0,0
TRN-0818,31.0474,62.9038,35.1896,55.5623,19.3378,17.6333,25.0756,55.3385,28.5424,Valid,-0.9703594818721726,0.6508589737384511,3.04670331558723,6.175651950161409,0.9703594818721726,0.6508589737384511,3.04670331558723,-1.704500000000003,5.7378,7.442300000000003,1952.99944012,0,0,0,0
TRN-0794,14.4618,61.9058,19.4627,33.2112,11.0829,11.4122,13.8348,34.7131,16.3831,Valid,-0.12329490947949218,-0.048684795565417716,-0.3893035041340056,-5.718909277889644,0.12329490947949218,0.048684795565417716,0.3893035041340056,0.3292999999999999,2.751899999999999,2.422599999999999,895.2692984400001,0,0,0,0
TRN-0488,9.8739,48.5443,43.9823,34.3589,7.7772,9.2292,9.8748,83.8846,16.7146,Valid,0.5953941896762842,0.15778285408547,-1.6088534151502998,-2.743404366752987,0.5953941896762842,0.15778285408547,1.6088534151502998,1.4520000000000008,2.097600000000001,0.6456,479.32156377,0,0,0,0
TRN-0577,26.2007,23.6865,40.4527,22.249,14.2341,12.3775,18.9363,43.5085,19.5382,Valid,-1.8861468358039097,1.0518952005346947,3.5006840948360267,2.401371873192126,1.8861468358039097,1.0518952005346947,3.5006840948360267,-1.8566000000000003,4.7021999999999995,6.5588,620.60288055,0,0,0,0
TRN-0388,15.6353,93.2888,38.4491,16.0241,12.4655,14.2449,15.0064,52.6342,35.8424,Valid,1.5078617939740013,-0.6289953164084281,-2.772422460030871,-1.1903324606209296,1.5078617939740013,0.6289953164084281,2.772422460030871,1.779399999999999,2.540899999999999,0.7614999999999998,1458.59837464,0,0,0,0
TRN-0490,22.4352,87.399,34.984,8.6671,21.8695,16.3441,19.4985,66.3187,33.2397,Invalid,-4.376405606068385,-8.198311755590908,-0.9136064758702496,0.23291429109283257,4.376405606068385,8.198311755590908,0.9136064758702496,-5.525399999999998,-2.3709999999999987,3.154399999999999,1960.8140448,0,0,0,0
TRN-0774,13.1669,55.9826,37.9946,32.6052,9.6036,10.6482,12.0089,51.8564,17.6295,Valid,0.4061751121213799,-0.0062164492999325915,-1.2562108569595587,-3.1088811736903494,0.4061751121213799,0.0062164492999325915,1.2562108569595587,1.044599999999999,2.4053000000000004,1.3607000000000014,737.11729594,0,0,0,0
TRN-0590,19.0194,19.1802,35.4244,47.6908,10.8729,9.8968,14.7725,63.4353,17.0471,Valid,-1.4555719147772948,1.1546292720718494,2.4506731976246385,0.25158793963714743,1.4555719147772948,1.1546292720718494,2.4506731976246385,-0.9760999999999989,3.8996000000000013,4.8757,364.79589588,0,0,0,0
TRN-0968,16.2319,44.2376,28.252,32.7977,10.808,1.0,13.7394,58.1263,17.1679,Invalid,-10.295744939910138,0.2035910789837203,12.594422943280254,-1.7240389165531198,10.295744939910138,0.2035910789837203,12.594422943280254,-9.808,2.9314,12.7394,718.06029944,0,0,0,0
TRN-0601,15.4779,79.9642,26.6642,23.6025,12.3091,13.4402,14.9589,32.7272,25.3258,Valid,0.8387232158859703,-0.47804377828428457,-1.810268450913064,-3.495756962331175,0.8387232158859703,0.47804377828428457,1.810268450913064,1.1311,2.649799999999999,1.518699999999999,1237.6778911800002,0,0,0,0
TRN-0694,12.362,80.5709,36.3399,24.5401,10.7301,12.2892,12.8727,46.5269,26.5544,Valid,1.0614456119053397,-0.5646254186792454,-2.4521011285042356,-2.5738130785646938,1.0614456119053397,0.5646254186792454,2.4521011285042356,1.559099999999999,2.1426,0.5835000000000008,996.0174658,0,0,0,0
TRN-0996,25.2864,105.1935,21.2535,30.031,18.4286,18.6152,22.6584,44.7668,44.5171,Valid,0.7775859492156982,-0.5957414104780518,-0.6016908436146942,-2.8376166908458416,0.7775859492156982,0.5957414104780518,0.6016908436146942,0.1866000000000021,4.229800000000001,4.043199999999999,2659.9649184,0,0,0,0
TRN-0550,28.8379,92.9334,31.6963,6.1701,19.1578,19.1947,24.0263,68.1967,38.0388,Valid,0.7424546994533721,-0.1665018599377852,0.03966538487398452,1.2680792473325013,0.7424546994533721,0.1665018599377852,0.03966538487398452,0.03689999999999927,4.868499999999997,4.831599999999998,2680.0040958600002,0,0,0,0
TRN-0362,26.0027,31.8043,38.6549,39.2623,14.4526,12.9979,18.9192,41.6736,20.6107,Valid,-1.4535410816167005,0.7563207492566235,2.705035617586546,2.8831368707769585,1.4535410816167005,0.7563207492566235,2.705035617586546,-1.4547000000000008,4.4666,5.9213000000000005,826.9976716100001,0,0,0,0
TRN-0403,14.602,90.8334,34.272,23.6169,12.1854,13.8431,14.3235,48.328,32.9934,Valid,1.348906125145266,-0.9565340396900464,-2.951200786798296,-2.280038783134671,1.348906125145266,0.9565340396900464,2.951200786798296,1.6577000000000002,2.1380999999999997,0.4803999999999995,1326.3493068,0,0,0,0
TRN-0895,13.303,23.5239,36.4808,54.2996,8.24,8.2477,11.1047,60.4973,15.8924,Valid,-0.7947960304118755,0.8062618825173686,0.8534746281535721,-1.2325708039098817,0.7947960304118755,0.8062618825173686,0.8534746281535721,0.007699999999999818,2.864699999999999,2.8569999999999993,312.93844170000006,0,0,0,0
TRN-0710,14.9713,90.0616,47.0818,58.286,13.306,15.1173,16.1489,49.4095,38.455,Valid,1.6533107056161125,-0.5541837441824242,-2.724381586184357,3.7103249556659605,1.6533107056161125,0.5541837441824242,2.724381586184357,1.811300000000001,2.842900000000002,1.031600000000001,1348.3392320799999,0,0,0,0
TRN-0081,15.3642,103.1518,32.9891,37.3924,13.7518,15.742,16.2821,60.6418,22.2325,Invalid,1.8935055626079862,-0.9881066013736763,-3.374803507285389,-23.12845075169171,1.8935055626079862,0.9881066013736763,3.374803507285389,1.9902000000000015,2.5303000000000004,0.5400999999999989,1584.84488556,0,0,0,0
TRN-0505,27.9057,79.2635,35.0412,51.9587,18.3341,18.1298,22.974,50.8913,31.4153,Valid,0.3719835836281469,-0.15860821781674161,0.32252444834374927,2.9405724520908834,0.3719835836281469,0.15860821781674161,0.32252444834374927,-0.20429999999999993,4.639900000000001,4.844200000000001,2211.9034519499996,0,0,0,0
TRN-0671,22.0527,73.0502,31.3211,59.7622,15.2807,15.2178,18.7654,,26.3962,Valid,0.0562468228349271,-0.45412134389766834,-0.23395346549531482,0.6688917677227941,0.0562468228349271,0.45412134389766834,0.23395346549531482,-0.06289999999999907,3.4847,3.547599999999999,1610.9541455400001,0,0,0,1
TRN-0923,20.3823,81.3954,43.0469,42.3267,14.7449,15.4901,17.9001,68.6376,31.9883,Valid,0.7877140247932264,-0.6355246607065546,-1.4408297020258232,2.433764997829737,0.7877140247932264,0.6355246607065546,1.4408297020258232,0.7452000000000005,3.155199999999999,2.4099999999999984,1659.02546142,0,0,0,0
TRN-0456,16.2823,42.0499,42.1286,55.2509,10.933,11.001,14.1658,34.9553,18.4806,Valid,-0.40379676141821896,0.4719259766189996,0.4578317533236653,-0.16313336004883894,0.40379676141821896,0.4719259766189996,0.4578317533236653,0.06799999999999962,3.232800000000001,3.1648000000000014,684.66908677,0,0,0,0
TRN-0864,17.7488,98.5119,38.5198,30.0701,14.3138,15.8699,17.2717,65.6793,41.152,Valid,1.5377327703171808,-0.7142651977735177,-2.545631840398336,-0.0301672865313094,1.5377327703171808,0.7142651977735177,2.545631840398336,1.556099999999999,2.9578999999999986,1.4017999999999997,1748.46801072,0,0,0,0
TRN-0728,12.9937,91.5476,34.1973,59.2556,11.6285,13.3281,13.6989,39.3368,33.532,Valid,1.3176024088522933,-0.875266712687301,-2.9296073295908993,-2.2409728819252663,1.3176024088522933,0.875266712687301,2.9296073295908993,1.6995999999999984,2.0703999999999994,0.3708000000000009,1189.54205012,0,0,0,0
TRN-0795,19.6172,75.9294,47.4861,24.8512,14.0893,15.1071,17.4548,11.4004,32.7368,Valid,0.9680024926352004,-0.24513516624022458,-1.4056861249122896,5.807720011601962,0.9680024926352004,0.24513516624022458,1.4056861249122896,1.0178000000000011,3.365499999999999,2.347699999999998,1489.52222568,0,0,0,0
TRN-0339,19.8769,88.9244,43.516,5.905,14.5352,15.9001,18.022,47.0218,35.8431,Valid,1.3777130277014962,-0.24618718546862794,-1.833212044768075,1.8568797476283905,1.3777130277014962,0.24618718546862794,1.833212044768075,1.3649000000000004,3.486799999999999,2.1218999999999983,1767.54140636,0,0,0,0
TRN-0755,10.3894,48.2646,38.2092,52.4993,8.0078,9.087,1.0,55.6166,16.6688,Invalid,0.24945575538289866,-9.00664578568226,-10.30511013042521,-2.74897256552946,0.24945575538289866,9.00664578568226,10.30511013042521,1.0792000000000002,-7.0078,-8.087,501.44023524000005,0,0,0,0
TRN-0926,27.2448,94.7248,46.3557,8.5644,18.461,18.9053,23.0699,55.0239,44.069,Valid,1.0403344227746167,-0.22591583063698906,-0.5539094471969968,5.951710122625926,1.0403344227746167,0.22591583063698906,0.5539094471969968,0.4443000000000019,4.608900000000002,4.1646,2580.7582310400003,0,0,0,0
TRN-0340,15.9289,42.4987,37.1452,21.9601,10.0484,10.4299,13.1923,47.0975,17.1411,Valid,-0.20190656734611956,0.6160573672074356,0.20122517238169735,-1.5516265819450297,0.20190656734611956,0.6160573672074356,0.20122517238169735,0.38149999999999906,3.1438999999999986,2.7623999999999995,676.95754243,0,0,0,0
TRN-0624,21.2688,60.1272,41.6207,7.4565,13.4904,13.7243,17.1971,63.1803,20.5506,Valid,0.10117478051015993,0.25950159636748893,0.07145843543904817,-1.1056333981300916,0.10117478051015993,0.25950159636748893,0.07145843543904817,0.23390000000000022,3.7066999999999997,3.4727999999999994,1278.83339136,0,0,0,0
TRN-0985,31.1523,68.3503,25.5586,59.5274,19.4935,17.927,24.8405,47.4029,26.3345,Valid,-0.8075353386549438,0.21505662934798409,2.4433169130741454,2.3235258589621495,0.8075353386549438,0.21505662934798409,2.4433169130741454,-1.5665000000000013,5.346999999999998,6.913499999999999,2129.2690506900003,0,0,0,0
TRN-0860,24.0826,100.8102,38.7076,45.2535,17.6853,18.6204,21.645,52.8524,45.3171,Valid,1.41134164787141,-0.653900567671986,-1.6216105858435341,2.1249975883529117,1.41134164787141,0.653900567671986,1.6216105858435341,0.9350999999999985,3.959699999999998,3.0245999999999995,2427.77172252,0,0,0,0
TRN-0560,16.1905,108.6933,41.8279,25.9057,14.0794,16.4719,16.642,45.5852,50.7461,Valid,2.3413208050968493,-1.0453251434220014,-3.930394881581339,-0.25642926548589884,2.3413208050968493,1.0453251434220014,3.930394881581339,2.392500000000002,2.5625999999999998,0.17009999999999792,1759.79887365,0,0,0,0
TRN-0811,9.9206,20.4528,30.4694,39.4752,6.1355,6.2873,7.9233,49.787,13.4197,Valid,-0.890311725629096,0.26381424096436223,0.13420924327311123,-3.475502890975674,0.890311725629096,0.26381424096436223,0.13420924327311123,0.1517999999999997,1.7877999999999998,1.6360000000000001,202.90404768,0,0,0,0
TRN-0395,22.5343,64.3109,38.331,33.4681,14.7128,14.8326,18.3668,42.5264,26.0598,Valid,0.15775689564888573,-0.1278782726487897,-0.1493303206688914,3.3012451984088393,0.15775689564888573,0.1278782726487897,0.1493303206688914,0.11979999999999968,3.6540000000000017,3.534200000000002,1449.2011138700002,0,0,0,0
TRN-0839,17.7608,75.605,32.4239,44.923,9.5081,18.8042,16.0689,59.2908,26.1826,Invalid,8.64595866230408,4.174185154081906,-7.428155125610878,-0.605066412274514,8.64595866230408,4.174185154081906,7.428155125610878,9.296100000000001,6.560799999999999,-2.7353000000000023,1342.805284,0,0,0,0
TRN-0779,25.1402,21.4874,30.0153,21.5418,13.418,11.7585,17.7983,42.8532,17.9676,Valid,-1.802159631993204,0.9527894809048192,3.139547956554763,0.9935275712566742,1.802159631993204,0.9527894809048192,3.139547956554763,-1.6594999999999995,4.380300000000002,6.039800000000001,540.1975334800001,0,0,0,0
TRN-0543,31.2911,105.0903,31.7883,17.9763,21.0594,20.9426,26.2067,40.3385,49.5902,Valid,0.896849193233372,-0.4411057017425968,0.029032073400305336,2.3385987619718875,0.896849193233372,0.4411057017425968,0.029032073400305336,-0.11680000000000135,5.147300000000001,5.264100000000003,3288.39108633,0,0,0,0
TRN-0158,12.482,83.5838,47.1746,30.2478,10.9729,13.2646,13.0821,47.6153,33.0264,Valid,1.8250061590466764,-0.6622378406473715,-3.4667275887937308,2.285600552256401,1.8250061590466764,0.6622378406473715,3.4667275887937308,2.2917000000000005,2.1092000000000013,-0.18249999999999922,1043.2929915999998,0,0,0,0
TRN-0799,30.8482,39.4561,32.0324,45.0936,17.3909,15.3215,22.5071,40.493,21.9518,Valid,-1.6380359656632066,0.586105016773498,3.3776624207854447,3.5736328131073947,1.6380359656632066,0.586105016773498,3.3776624207854447,-2.069399999999998,5.116200000000003,7.185600000000001,1217.1496640199998,0,0,0,0
TRN-0946,13.2616,50.6899,55.0,49.9586,9.9141,11.1639,12.718,51.5653,31.2415,Valid,0.6497038467454459,0.31123994148356715,-1.1944429550390083,11.457173225695943,0.6497038467454459,0.31123994148356715,1.1944429550390083,1.2498000000000005,2.8039000000000005,1.5541,672.22917784,0,0,0,0
TRN-0927,29.9956,79.3101,32.0155,17.061,18.8294,18.2246,23.9815,35.0363,22.272,Invalid,0.048912613359643586,0.21161880498916474,1.2111566636650544,-6.225551143711723,0.048912613359643586,0.21161880498916474,1.2111566636650544,-0.6048000000000009,5.152100000000001,5.756900000000002,2378.95403556,0,0,0,0
TRN-0952,19.9942,26.8465,29.7538,57.0471,11.6796,10.6768,15.1548,40.8558,17.1858,Valid,-1.3781287370707407,0.515901421292817,1.8537876989645934,-0.17867214049854852,1.3781287370707407,0.515901421292817,1.8537876989645934,-1.0028000000000006,3.475199999999999,4.478,536.7742903,0,0,0,0
TRN-0608,23.0912,102.831,33.9404,27.2584,17.0564,18.1608,20.6736,35.8498,45.0975,Valid,1.4851657253284607,-0.8183168833426606,-2.01674600509266,0.04104453051945711,1.4851657253284607,0.8183168833426606,2.01674600509266,1.1043999999999983,3.6172000000000004,2.512800000000002,2374.4911872000002,0,0,0,0
TRN-0212,28.1417,37.9691,30.4029,8.6425,15.5882,13.9026,20.4289,63.8414,19.7482,Valid,-1.5219897165192098,0.8165128395790582,3.079545130635175,1.5101300536276696,1.5219897165192098,0.8165128395790582,3.079545130635175,-1.6856000000000009,4.840699999999998,6.526299999999999,1068.51502147,0,0,0,0
TRN-0480,27.322,76.3904,41.6053,33.0416,17.5094,17.3568,22.1297,45.2954,31.3074,Valid,0.29678903737740825,0.05662277994571596,0.4475365531742348,4.174673410239944,0.29678903737740825,0.05662277994571596,0.4475365531742348,-0.15259999999999962,4.6203,4.7729,2087.1385087999997,0,0,0,0
TRN-0904,27.5889,104.0795,31.2045,10.8247,19.3299,19.5557,23.7529,57.4735,46.9314,Valid,0.9586833845111258,-0.6616595239844258,-0.6863036727093252,0.6765568096316201,0.9586833845111258,0.6616595239844258,0.6863036727093252,0.2258000000000031,4.423000000000002,4.197199999999999,2871.4389175499996,0,0,0,0
TRN-0607,31.6984,85.383,34.2637,43.8615,20.6039,19.7762,26.059,39.3149,35.5228,Valid,0.11092215693605212,0.00019868983384441208,1.3433777200134287,3.7454489524611674,0.11092215693605212,0.00019868983384441208,1.3433777200134287,-0.8277000000000001,5.455100000000002,6.282800000000002,2706.5044872,0,0,0,0
TRN-0855,18.223,90.6313,43.6143,44.7851,14.0844,15.6534,17.2858,55.8555,37.0514,Valid,1.5185185814265392,-0.407893806676185,-2.2599683907624986,1.9175256611382068,1.5185185814265392,0.407893806676185,2.2599683907624986,1.568999999999999,3.201399999999998,1.6323999999999987,1651.5741798999998,0,0,0,0
TRN-0879,11.3702,44.4605,35.0734,18.8139,7.6823,8.5735,9.4497,32.7382,15.8432,Valid,0.023597279846882202,-0.14816909080336416,-1.2106387762200992,-3.075406329131024,0.023597279846882202,0.14816909080336416,1.2106387762200992,0.8911999999999995,1.7674000000000003,0.8762000000000008,505.52477710000005,0,0,0,0
TRN-0667,20.5759,66.0268,39.7271,8.0398,13.5048,14.0092,16.7079,,25.1861,Valid,0.3736530151702837,-0.24801601865576117,-0.77520320494963,1.919283040988855,0.3736530151702837,0.24801601865576117,0.77520320494963,0.5044000000000004,3.203099999999999,2.6986999999999988,1358.56083412,0,0,0,1
TRN-0232,25.2036,28.9334,44.802,5.7853,13.8939,12.7363,18.2984,27.0032,20.0864,Valid,-1.2346008396096249,0.847301580519666,2.4125122078614094,2.57154438891671,1.2346008396096249,0.847301580519666,2.4125122078614094,-1.1576000000000004,4.4045000000000005,5.562100000000001,729.22584024,0,0,0,0
TRN-0299,10.8536,90.8684,43.7084,46.912,10.7011,13.351,12.6556,36.3631,34.8475,Valid,2.1485623778810563,-0.745067200422989,-4.001642041874362,-0.45018873939323356,2.1485623778810563,0.745067200422989,4.001642041874362,2.6499000000000006,1.9544999999999995,-0.6954000000000011,986.24926624,0,0,0,0
TRN-0629,14.2988,42.785,24.3751,19.3489,9.2957,9.3953,11.7582,36.5274,14.9091,Valid,-0.576477824798733,0.13117460967956518,0.06599979376016307,-3.8153844647821824,0.576477824798733,0.13117460967956518,0.06599979376016307,0.09960000000000058,2.4625000000000004,2.3629,611.7741579999999,0,0,0,0
TRN-0858,12.0426,90.9269,41.1424,58.8622,11.5075,13.5628,13.7263,25.9471,35.2273,Valid,1.6575499976177177,-0.694617601182383,-3.196702078446867,-0.11097359579670041,1.6575499976177177,0.694617601182383,3.196702078446867,2.055299999999999,2.2188,0.16350000000000087,1094.99628594,0,0,0,0
TRN-0994,31.479,66.1376,36.8939,37.3446,19.2898,18.0916,25.1163,49.7064,29.066,Valid,-0.4716941749253891,0.7534185054314086,2.512723127055338,5.765179737019388,0.4716941749253891,0.7534185054314086,2.512723127055338,-1.1982,5.826499999999999,7.024699999999999,2081.9455104000003,0,0,0,0
TRN-0306,12.0896,66.764,43.546,58.8661,10.5087,11.768,12.7788,48.0543,25.4666,Valid,0.7336054117332864,-0.3787199782461723,-1.891875378322558,1.9707875920184321,0.7336054117332864,0.3787199782461723,1.891875378322558,1.2593000000000014,2.270100000000001,1.0107999999999997,807.1500544,0,0,0,0
TRN-0654,30.356,29.8437,35.6745,25.3967,16.4481,14.2943,21.8471,51.0801,21.3468,Valid,-1.8639802651124455,1.1346541698153167,4.006299523338512,3.765497434477247,1.8639802651124455,1.1346541698153167,4.006299523338512,-2.1538000000000004,5.399000000000001,7.552800000000001,905.9353572,0,0,0,0
TRN-0917,20.7858,80.9429,23.3754,28.3602,14.7805,15.0026,17.928,50.4003,26.1378,Valid,0.2696725287927819,-0.6530390648985858,-0.8013942407131864,-3.1813874253865357,0.2696725287927819,0.6530390648985858,0.8013942407131864,0.2220999999999993,3.147500000000001,2.9254000000000016,1682.4629308199997,0,0,0,0
TRN-0231,8.9741,73.6868,34.6765,46.3911,9.1534,10.9602,11.1196,54.2336,23.0156,Valid,1.113439771146691,-0.32815592905527424,-2.537154645542456,-2.967208165850103,1.113439771146691,0.32815592905527424,2.537154645542456,1.8068000000000008,1.9662000000000006,0.15939999999999976,661.2727118800001,0,0,0,0
TRN-0460,13.0325,36.4353,31.118,31.2438,8.8575,9.0498,11.462,46.7658,15.5132,Valid,-0.5367557805547545,0.38683275891257907,0.20359802414964356,-2.58834078753007,0.5367557805547545,0.38683275891257907,0.20359802414964356,0.19229999999999947,2.6045,2.4122000000000003,474.84304725,0,0,0,0
TRN-0492,26.974,109.1412,35.2551,20.336,19.3928,19.9942,23.712,49.4724,53.2122,Valid,1.344299161483562,-0.7836298646251301,-1.276897885270703,1.7213138208361372,1.344299161483562,0.7836298646251301,1.276897885270703,0.6013999999999982,4.319199999999999,3.7178000000000004,2943.9747288,0,0,0,0
TRN-0825,14.2264,65.2297,43.697,14.8851,10.7876,12.0693,13.4388,52.6319,24.4596,Valid,0.791357845237961,-0.0712169504934792,-1.6100245365158035,1.433139289659433,0.791357845237961,0.0712169504934792,1.6100245365158035,1.2817000000000007,2.651200000000001,1.3695000000000004,927.9838040799999,0,0,0,0
TRN-0279,28.1433,53.0824,26.9006,24.9433,16.5775,15.0595,21.2309,39.2582,20.5945,Valid,-1.208949361246706,0.35273086061144454,2.4301262868416345,0.4067547186263525,1.208949361246706,0.35273086061144454,2.4301262868416345,-1.5180000000000007,4.653399999999998,6.171399999999998,1493.91390792,0,0,0,0
TRN-0580,20.7178,87.4295,35.0108,32.2177,15.2348,16.1487,18.891,37.4758,33.0419,Valid,1.0264400683226338,-0.2699021990928472,-1.2760273310696988,0.015950542930198708,1.0264400683226338,0.2699021990928472,1.2760273310696988,0.9139000000000017,3.6561999999999983,2.7422999999999966,1811.3468951000002,0,0,0,0
TRN-0992,20.0663,24.483,20.4949,24.4851,11.0659,9.547,14.6624,45.0741,15.1198,Valid,-1.9736767816801173,0.8004220013632786,2.7797374581922547,-2.0748180872547746,1.9736767816801173,0.8004220013632786,2.7797374581922547,-1.5188999999999986,3.5965000000000007,5.115399999999999,491.28322289999994,0,0,0,0
TRN-0934,28.9521,51.5316,32.3843,17.1933,17.032,15.6461,22.026,46.7956,21.7565,Valid,-1.008808832554223,0.5653695273093611,2.4893884059987066,1.8351964589678111,1.008808832554223,0.5653695273093611,2.4893884059987066,-1.3858999999999995,4.994,6.379899999999999,1491.94803636,0,0,0,0
TRN-0639,11.2055,43.5114,28.9708,11.36,7.9908,8.2359,9.713,27.978,14.831,Valid,-0.5866312660889701,-0.27228894334459675,-0.5234075068282671,-3.975875734897077,0.5866312660889701,0.27228894334459675,0.5234075068282671,0.24510000000000076,1.722199999999999,1.4770999999999983,487.56699270000007,0,0,0,0
TRN-0925,13.0887,88.1928,20.6398,53.3602,11.8486,13.1677,14.1438,,27.0547,Valid,0.9658960905111122,-0.7092357901407649,-2.2834360951192796,-6.456402508303139,0.9658960905111122,0.7092357901407649,2.2834360951192796,1.3191000000000006,2.2952000000000012,0.9761000000000006,1154.32910136,0,0,0,1
TRN-0248,31.1702,18.7008,31.3748,17.3117,16.3683,13.5779,21.9244,29.7631,19.7809,Valid,-2.5124087058458855,1.3141305360901399,4.98245123505837,3.02382535992432,2.5124087058458855,1.3141305360901399,4.98245123505837,-2.7904000000000018,5.556099999999997,8.346499999999999,582.90767616,0,0,0,0
TRN-0603,8.8562,61.272,41.5147,49.39,8.24,10.1728,10.0057,52.6683,17.5078,Valid,1.130303969588125,-0.29273811748263157,-2.6626209275819193,-4.431592481398702,1.130303969588125,0.29273811748263157,2.6626209275819193,1.9328000000000003,1.765699999999999,-0.16710000000000136,542.6370863999999,0,0,0,0
TRN-0331,11.7783,61.7532,36.1857,44.4969,9.8411,11.0247,12.0563,42.2089,17.8132,Valid,0.5744602712482596,-0.2583579509349594,-1.6814171798176574,-4.249268982159926,0.5744602712482596,0.2583579509349594,1.6814171798176574,1.1835999999999984,2.2151999999999994,1.031600000000001,727.34771556,0,0,0,0
TRN-0880,14.3554,80.7277,36.6894,42.2005,11.6525,12.9311,14.0514,43.5984,27.8627,Valid,0.8997333395506875,-0.5531682218243734,-2.0789396286373947,-1.3457353540435086,0.8997333395506875,0.5531682218243734,2.0789396286373947,1.2786000000000008,2.3988999999999994,1.1202999999999985,1158.87842458,0,0,0,0
TRN-0957,13.6601,20.7979,28.9273,8.7786,7.6502,7.3796,9.8889,49.1654,13.8318,Valid,-1.1419148360602662,0.3313269860381691,0.7278623266497171,-3.0899083353965704,1.1419148360602662,0.3313269860381691,0.7278623266497171,-0.27059999999999995,2.2386999999999997,2.5092999999999996,284.10139379,0,0,0,0
TRN-0049,16.6379,22.9675,37.3504,24.5539,9.2704,8.9039,12.3042,61.3833,18.2907,Invalid,-1.0456560386604554,0.7090517811726631,1.2289919316405093,1.2064876368205795,1.0456560386604554,0.7090517811726631,1.2289919316405093,-0.36650000000000027,3.0337999999999994,3.4002999999999997,382.13096824999997,0,0,0,0
TRN-0672,10.4017,94.176,42.7809,47.8004,10.658,13.2771,12.2693,48.7245,36.7346,Valid,2.11229412137717,-1.0768899605480815,-4.29521263718758,-0.9632703015096453,2.11229412137717,1.0768899605480815,4.29521263718758,2.6191000000000013,1.6113,-1.0078000000000014,979.5904992000001,0,0,0,0
TRN-0149,30.0603,30.6259,45.1385,20.2957,16.4249,14.5254,22.0025,63.7675,22.5606,Valid,-1.6131215572308388,1.3197614628876337,3.8717639360692324,4.921538717718423,1.6131215572308388,1.3197614628876337,3.8717639360692324,-1.8995000000000015,5.5776,7.477100000000002,920.62374177,0,0,0,0
TRN-0043,26.7385,70.3804,36.3881,33.2994,17.2828,16.7397,21.7568,56.2922,28.2093,Invalid,-0.1281333765950805,-0.025495180546691643,0.8485368888441478,3.4927995581791436,0.1281333765950805,0.025495180546691643,0.8485368888441478,-0.5431000000000026,4.473999999999997,5.017099999999999,1881.8663253999998,0,0,0,0
TRN-0475,8.4407,29.3713,26.736,15.0339,5.5953,6.0394,7.1674,56.8469,12.4217,Valid,-0.6568556788415689,0.183252724146322,-0.31029295089760733,-5.1250293939662495,0.6568556788415689,0.183252724146322,0.31029295089760733,0.4440999999999997,1.5720999999999998,1.1280000000000001,247.91433191000002,0,0,0,0
TRN-0094,20.2004,33.8246,42.3345,56.0389,12.275,11.9758,16.3095,46.8705,19.4108,Valid,-0.5961081273341602,0.9158154307211266,1.3780216131075917,1.5260609241722314,0.5961081273341602,0.9158154307211266,1.3780216131075917,-0.2992000000000008,4.0344999999999995,4.3337,683.2704498399999,0,0,0,0
TRN-0699,25.3968,42.5781,45.648,32.0126,14.7369,14.0347,19.4984,26.1358,21.9877,Valid,-0.6608220676381826,0.9729803231188896,1.9833029044880846,3.286205728976963,0.6608220676381826,0.9729803231188896,1.9833029044880846,-0.7021999999999995,4.7615,5.463699999999999,1081.34749008,0,0,0,0
TRN-0429,18.2082,87.8108,29.2494,47.7102,14.4553,15.2315,17.5997,68.9768,31.3554,Valid,0.777739461800504,-0.5666212103877015,-1.4168392360030388,-1.911564731533229,0.777739461800504,0.5666212103877015,1.4168392360030388,0.7762000000000011,3.144399999999999,2.368199999999998,1598.8766085600002,0,0,0,0
TRN-0222,8.156,109.6769,19.718,56.7778,10.701,13.1576,11.8038,53.4784,43.3669,Valid,1.955249682497291,-1.596740796947465,-4.610762370145364,-8.71460295993014,1.955249682497291,1.596740796947465,4.610762370145364,2.4566,1.1028000000000002,-1.3537999999999997,894.5247964000001,0,0,0,0
TRN-0942,19.2054,107.1021,18.0,5.8085,15.358,16.4014,25.0,52.6974,42.6685,Invalid,1.1736909789511234,5.68174473820978,4.516026745757792,-6.638891359754425,1.1736909789511234,5.68174473820978,4.516026745757792,1.0433999999999983,9.642,8.598600000000001,2056.93867134,0,0,0,0
TRN-0606,20.5377,78.2359,45.0899,11.444,14.2227,15.1222,17.7694,61.2312,31.1359,Valid,0.8683560092075364,-0.10047945659979618,-1.1100284184535703,3.15578875415056,0.8683560092075364,0.10047945659979618,1.1100284184535703,0.8994999999999997,3.5467000000000013,2.6472000000000016,1606.78544343,0,0,0,0
TRN-0657,10.1548,78.9897,19.9993,20.4257,9.6,10.9935,11.063,49.5939,20.3016,Valid,0.7546328283338521,-0.94757727561114,-2.6355540052866857,-8.039719664098413,0.7546328283338521,0.94757727561114,2.6355540052866857,1.3934999999999995,1.463000000000001,0.06950000000000145,802.12460556,0,0,0,0
TRN-0465,14.5587,27.9441,37.8851,26.3035,8.8334,8.649,11.501,65.7546,15.6287,Valid,-0.9163486835192121,0.4561677182690236,0.7458572574215552,-1.814630642328451,0.9163486835192121,0.4561677182690236,0.7458572574215552,-0.18440000000000012,2.6676,2.8520000000000003,406.82976866999996,0,0,0,0
TRN-0197,14.2408,105.479,30.9985,30.0336,13.0315,14.9384,15.307,57.4108,43.6497,Valid,1.7115370678910544,-1.0471631434214483,-3.3418563883471055,-3.991592815042324,1.7115370678910544,1.0471631434214483,3.3418563883471055,1.9069000000000003,2.275500000000001,0.3686000000000007,1502.1053432,0,0,0,0
TRN-0824,8.0753,73.0359,34.8506,57.1359,8.5944,10.5842,9.8138,40.2737,23.1994,Valid,1.2292795496309115,-0.930290298434997,-3.370971402900926,-2.5222341732103324,1.2292795496309115,0.930290298434997,3.370971402900926,1.989799999999999,1.2194000000000003,-0.7703999999999986,589.7868032700001,0,0,0,0
TRN-0564,15.1124,15.9033,29.8045,46.0193,8.8306,7.8828,11.7593,38.4735,15.0896,Valid,-1.6800846480579814,0.7179920038602976,1.9663104039624582,-1.4314561829681054,1.6800846480579814,0.7179920038602976,1.9663104039624582,-0.9478000000000009,2.928699999999999,3.8765,240.33703092,0,0,0,0
TRN-0359,11.9906,47.9505,29.2309,20.6433,8.6461,9.3415,11.1253,55.158,15.3801,Valid,-0.05895790961386993,0.31616768806584084,-0.499352206029295,-3.9931016313058105,0.05895790961386993,0.31616768806584084,0.499352206029295,0.6953999999999994,2.4791999999999987,1.7837999999999994,574.9552653,0,0,0,0
TRN-0005,31.7051,81.847,21.9615,30.4523,20.2277,25.4034,25.5256,43.5755,29.9111,Invalid,6.052940016131206,-0.04718803849836206,-6.241175754661121,0.11832520120707812,6.052940016131206,0.04718803849836206,6.241175754661121,5.175700000000003,5.297900000000002,0.12219999999999942,2594.9673196999997,0,0,0,0
TRN-0682,22.2018,29.935,38.0634,19.593,12.7022,11.7903,0.0,45.4414,18.6498,Invalid,-1.151727130592814,-15.935870705552162,-14.698663771291287,1.0617904330112644,1.151727130592814,15.935870705552162,14.698663771291287,-0.9118999999999993,-12.7022,-11.7903,664.610883,0,0,0,0
TRN-0011,10.0962,75.7603,26.4536,6.7376,9.2036,10.7256,10.7899,40.4481,20.9826,Valid,0.8347279690803067,-0.7210912301890477,-2.572370353331136,-5.872571345469957,0.8347279690803067,0.7210912301890477,2.572370353331136,1.5220000000000002,1.5862999999999996,0.06429999999999936,764.89114086,0,0,0,0
TRN-0753,11.4114,83.2642,29.5597,22.0587,10.3796,12.1992,12.4018,45.845,26.0354,Valid,1.2776392900055225,-0.5926282267018497,-2.810051373510344,-4.527117427986273,1.2776392900055225,0.5926282267018497,2.810051373510344,1.8195999999999994,2.0221999999999998,0.20260000000000034,950.1610918800001,0,0,0,0
TRN-0610,17.4596,49.3322,31.8449,47.1965,11.9265,11.6705,15.3176,17.9856,18.4186,Valid,-0.5989696977275774,0.3658307736900266,0.7692964983299486,-1.155539504366903,0.5989696977275774,0.3658307736900266,0.7692964983299486,-0.2560000000000002,3.3911,3.6471,861.32047912,0,0,0,0
TRN-0752,27.5321,104.1348,19.8537,20.3276,18.9002,18.7125,22.945,53.9321,43.4268,Valid,0.4771552978588076,-0.9160328176205859,-0.43708440699560924,-2.8819576994619283,0.4771552978588076,0.9160328176205859,0.43708440699560924,-0.1877000000000031,4.044799999999999,4.232500000000002,2867.04972708,0,0,0,0
TRN-0472,30.5658,68.7743,28.8329,18.2417,18.7264,17.2179,23.8314,49.7545,26.4916,Valid,-0.8709644273236847,0.19410071666350603,2.323423712067438,2.3376291568903618,0.8709644273236847,0.19410071666350603,2.323423712067438,-1.5085000000000015,5.104999999999997,6.613499999999998,2102.14149894,0,0,0,0
TRN-0625,9.9363,72.7565,28.4236,57.0454,9.2928,10.7725,11.2855,60.3008,21.489,Valid,0.8032692153956535,-0.33787139211944783,-2.135642935740151,-4.122343298955901,0.8032692153956535,0.33787139211944783,2.135642935740151,1.4797000000000011,1.992700000000001,0.5129999999999999,722.93041095,0,0,0,0
TRN-0516,25.6953,78.0962,33.7458,10.1444,16.9421,16.6385,21.2893,40.3443,29.074,Valid,0.059971680045848075,-0.05607273828308834,0.5079578729517564,1.1598586140689875,0.059971680045848075,0.05607273828308834,0.5079578729517564,-0.3035999999999994,4.347200000000001,4.6508,2006.7052878599998,0,0,0,0
TRN-0192,16.625,65.7594,25.9257,51.4749,12.474,12.7318,15.4054,44.6741,21.2644,Valid,-0.012603062426032707,-0.24078273639054437,-0.4748407196522546,-1.9209535147075378,0.012603062426032707,0.24078273639054437,0.4748407196522546,0.2577999999999996,2.9314,2.6736000000000004,1093.250025,0,0,0,0
TRN-0593,12.9218,79.841,18.253,11.1248,10.3988,11.397,12.3804,63.657,20.6349,Valid,0.4586544864297082,-0.6382805189298093,-1.824625141349296,-8.125108585315498,0.4586544864297082,0.6382805189298093,1.824625141349296,0.9982000000000006,1.9816000000000003,0.9833999999999996,1031.6894338,0,0,0,0
TRN-0989,10.767,88.2289,31.8686,9.0143,10.0355,12.2805,11.6549,35.0607,28.7248,Valid,1.659987419071479,-0.9050609733731463,-3.6589827188117123,-4.8095134997822875,1.659987419071479,0.9050609733731463,3.6589827188117123,2.244999999999999,1.6193999999999988,-0.6256000000000004,949.9605662999999,0,0,0,0
TRN-0345,13.1113,42.1604,32.3812,21.9573,9.0446,9.4425,11.199,45.4795,15.9588,Valid,-0.3086231273857738,-0.11172893221212732,-0.5524611997675262,-2.6969077364024194,0.3086231273857738,0.11172893221212732,0.5524611997675262,0.3978999999999999,2.154399999999999,1.756499999999999,552.7776525200001,0,0,0,0
TRN-0972,9.2753,83.9534,36.9842,8.8285,8.9458,11.4295,10.3373,47.968,27.14,Valid,1.765262024373829,-0.849025745970529,-3.9085176403961412,-3.809153522815972,1.765262024373829,0.849025745970529,3.9085176403961412,2.4837000000000007,1.3915000000000006,-1.0922,778.69297102,0,0,0,0
TRN-0611,24.2081,49.7246,37.6504,49.9756,15.0106,13.9152,19.7526,44.456,21.0417,Valid,-1.0150179769552619,0.8779380131143668,2.387436116368008,1.4081435592580078,1.0150179769552619,0.8779380131143668,2.387436116368008,-1.0953999999999997,4.742000000000001,5.837400000000001,1203.7380892600002,0,0,0,0
TRN-0387,22.1857,108.7758,46.1122,9.3895,16.6736,18.3914,20.4109,42.2442,54.9288,Valid,2.041173017776483,-0.5903760316915481,-2.568586341055159,3.8366910498017077,2.041173017776483,0.5903760316915481,2.568586341055159,1.7178000000000004,3.737300000000001,2.0195000000000007,2413.26726606,0,0,0,0
TRN-0739,25.8255,92.7611,21.4121,43.8191,18.0762,17.7884,22.3099,,34.6014,Valid,0.24852872562917483,-0.49116226676501284,0.0865129658138386,-2.0432022610212215,0.24852872562917483,0.49116226676501284,0.0865129658138386,-0.2878000000000007,4.233699999999999,4.5215,2395.6017880500003,0,0,0,1
TRN-0385,21.4684,24.2074,51.1547,9.6704,4.2763,11.1726,15.5607,34.8294,24.3642,Invalid,5.656235926736444,10.222001609356738,1.63733680521044,7.189527796558433,5.656235926736444,10.222001609356738,1.63733680521044,6.896299999999999,11.284400000000002,4.388100000000001,519.69414616,0,0,0,0
TRN-0750,29.7969,106.9523,26.6934,41.0805,24.0889,26.7829,26.1942,58.5502,49.6786,Invalid,4.226325024103691,-4.386176892760005,-7.3002454603908795,0.5276239620067926,4.226325024103691,4.386176892760005,7.3002454603908795,2.6940000000000026,2.1052999999999997,-0.5887000000000029,3186.84698787,0,0,0,0
TRN-0903,13.3298,38.8389,36.8858,41.6901,8.9888,9.1864,11.3527,45.5143,16.0267,Valid,-0.5156568351746103,0.11223460821371312,-0.07721504944766266,-2.2923291431157793,0.5156568351746103,0.11223460821371312,0.07721504944766266,0.19760000000000133,2.363900000000001,2.1662999999999997,517.7147692200001,0,0,0,0
TRN-0738,29.8147,87.4272,30.4699,31.5319,19.7454,18.994,24.7047,50.4352,34.8402,Valid,0.04791787083185284,-0.24559789145642696,0.9696843410896427,1.8156962703794761,0.04791787083185284,0.24559789145642696,0.9696843410896427,-0.7514000000000003,4.959299999999999,5.710699999999999,2606.61573984,0,0,0,0
TRN-0282,19.8436,19.3347,26.5655,38.0176,11.1156,9.505,14.7531,76.5468,16.3934,Valid,-2.058994985346878,0.8282439170780815,2.9231688507990476,-0.41439116123170194,2.058994985346878,0.8282439170780815,2.9231688507990476,-1.6105999999999998,3.6374999999999993,5.248099999999999,383.67005292,0,0,0,0
TRN-0291,30.2047,71.6651,36.8927,13.263,16.0347,24.0258,23.2583,42.36,28.7441,Invalid,8.219900091884636,3.0749760454396906,-6.782827825232378,3.5532618269611653,8.219900091884636,3.0749760454396906,6.782827825232378,7.991099999999999,7.223599999999998,-0.7675000000000018,2164.6228459699996,0,0,0,0
TRN-0778,16.604,61.3112,28.0844,31.8997,11.5426,11.8832,14.3926,45.6454,17.9512,Valid,-0.05258612033835952,-0.07276818437418697,-0.4226601491866866,-3.9981278503423,0.05258612033835952,0.07276818437418697,0.4226601491866866,0.34060000000000024,2.8499999999999996,2.5093999999999994,1018.0111648,0,0,0,0
TRN-0484,28.1256,35.4388,27.763,31.9165,15.7323,13.6462,20.7239,46.9256,20.0187,Valid,-1.9015320656456716,0.9273155571649845,3.6962525207677253,2.002025930170749,1.9015320656456716,0.9273155571649845,3.6962525207677253,-2.0861,4.9916,7.0777,996.7375132799999,0,0,0,0
TRN-0466,17.4179,59.3084,41.5584,39.7374,12.1441,12.6869,15.4975,69.6562,19.8007,Valid,0.2285376135950976,0.26984399755104604,-0.326395276363165,-1.6611439635381728,0.2285376135950976,0.26984399755104604,0.326395276363165,0.5427999999999997,3.3534000000000006,2.810600000000001,1033.02778036,0,0,0,0
TRN-0164,8.6726,39.93,24.607,16.2767,6.5397,7.3449,8.0776,48.1796,13.716,Valid,-0.192170840393163,-0.0877494529190237,-1.0398573545819225,-4.708577668622107,0.192170840393163,0.0877494529190237,1.0398573545819225,0.8052000000000001,1.5379000000000005,0.7327000000000004,346.29691799999995,0,0,0,0
TRN-0643,19.421,64.6782,36.3881,37.1871,13.2121,13.4758,16.7204,51.2379,24.5014,Valid,0.09289445795329776,0.13669811697413436,-0.09343821361132854,1.6369086676700384,0.09289445795329776,0.13669811697413436,0.09343821361132854,0.26370000000000005,3.508300000000002,3.244600000000002,1256.1153222,0,0,0,0
TRN-0822,18.6213,87.9184,42.9191,47.5586,14.297,15.3358,17.123,42.1204,35.5169,Valid,1.0180742465988324,-0.8415557186763252,-2.0243757310371215,2.1814397660090563,1.0180742465988324,0.8415557186763252,2.0243757310371215,1.0388000000000002,2.8260000000000005,1.7872000000000003,1637.1549019200002,0,0,0,0
TRN-0981,10.7595,105.278,24.2426,52.1488,11.62,13.9275,13.3055,59.7584,41.5242,Valid,1.9243940523960266,-1.257899907743182,-4.075096463949114,-5.915134535990141,1.9243940523960266,1.257899907743182,4.075096463949114,2.307500000000001,1.685500000000001,-0.6219999999999999,1132.738641,0,0,0,0
TRN-0908,27.8591,102.5299,53.6441,24.494,19.5418,20.3744,24.2225,67.1528,61.5848,Valid,1.5992837700174078,-0.46521776732847187,-1.2429791465351236,16.81199837514349,1.5992837700174078,0.46521776732847187,1.2429791465351236,0.8326000000000029,4.680700000000002,3.8480999999999987,2856.39073709,0,0,0,0
TRN-0619,26.3233,46.2621,33.3481,11.6472,15.1545,14.1351,19.8306,55.0993,20.4688,Valid,-0.9183992676763779,0.7722348422969496,2.189535992670592,1.3245299778497142,0.9183992676763779,0.7722348422969496,2.189535992670592,-1.019400000000001,4.6761,5.695500000000001,1217.77113693,0,0,0,0
TRN-0725,8.1896,17.9727,30.2487,21.0372,5.1127,5.1157,6.9266,53.0493,12.1006,Valid,-1.1496053648130706,0.5450738274135736,0.6093081109020035,-4.597063750612996,1.1496053648130706,0.5450738274135736,0.6093081109020035,0.0030000000000001137,1.8138999999999994,1.8108999999999993,147.18922392000002,0,0,0,0
TRN-0027,13.0095,81.6662,36.1891,30.9851,10.9107,12.4719,13.212,41.6236,27.5462,Valid,1.0865538153936694,-0.45367192441004,-2.3420844382377872,-2.1507897491796157,1.0865538153936694,0.45367192441004,2.3420844382377872,1.5611999999999995,2.3012999999999995,0.7401,1062.4364289,0,0,0,0
TRN-0977,30.4893,66.2271,30.3915,20.2387,18.5269,17.2667,23.8067,28.6405,26.2595,Valid,-0.6538851586584187,0.42611116579689323,2.2375257935643624,2.931106625853925,0.6538851586584187,0.42611116579689323,2.2375257935643624,-1.260200000000001,5.279799999999998,6.539999999999999,2019.2179200299997,0,0,0,0
TRN-0846,21.304,76.9652,36.8208,32.1562,14.8184,15.2216,18.4954,46.6681,28.84,Valid,0.4561630377238721,-0.13399154105454159,-0.5087203250920851,1.448898661601632,0.4561630377238721,0.13399154105454159,0.5087203250920851,0.4032,3.6769999999999996,3.2737999999999996,1639.6666207999997,0,0,0,0
TRN-0802,27.5341,71.2459,40.3411,26.0415,,16.6662,21.4988,30.8119,29.7294,Invalid,,,0.6827174513400678,4.695765394283548,,,0.6827174513400678,,,4.832599999999999,1961.6917351900001,1,0,0,0
TRN-0613,28.6824,17.4567,31.8156,44.5882,15.2978,12.6121,20.6883,30.8928,19.9859,Valid,-2.5640898295408014,1.4469386060690894,4.9582728088250825,3.331150020372398,2.5640898295408014,1.4469386060690894,4.9582728088250825,-2.6857000000000006,5.390500000000001,8.076200000000002,500.70005208000003,0,0,0,0
TRN-0375,24.5231,33.6836,33.5914,39.5702,14.0647,12.4138,18.4652,43.0798,19.3717,Valid,-1.7041301176186359,0.7965983112039403,2.984028729331097,1.4981941985665124,1.7041301176186359,0.7965983112039403,2.984028729331097,-1.6509,4.400499999999999,6.051399999999999,826.0262911599999,0,0,0,0
TRN-0567,30.1268,104.773,33.1834,28.274,20.8195,20.8039,25.8688,33.5798,49.668,Valid,0.9584380126526426,-0.46871822951106523,-0.13502527348919457,2.731868468017602,0.9584380126526426,0.46871822951106523,0.13502527348919457,-0.015600000000002723,5.049299999999999,5.0649000000000015,3156.4752163999997,0,0,0,0
TRN-0661,12.8536,40.5512,40.5286,13.2647,8.3338,9.0615,10.5083,45.9673,16.2105,Valid,-0.06373179641799709,0.0919449816063942,-0.7647924719239221,-2.276291395940742,0.06373179641799709,0.0919449816063942,0.7647924719239221,0.7277000000000005,2.1745,1.4467999999999996,521.22890432,0,0,0,0
TRN-0861,17.8071,15.9379,32.8941,21.6395,9.3956,8.4354,12.5726,70.5344,15.1523,Valid,-1.6240998289041944,0.8196859424168093,2.0856736414229786,-1.3718130002372533,1.6240998289041944,0.8196859424168093,2.0856736414229786,-0.9602000000000004,3.1769999999999996,4.1372,283.80777909,0,0,0,0
TRN-0638,9.6614,48.9719,44.3368,45.4107,7.8401,9.2749,9.8958,69.2487,16.9161,Valid,0.5855014718185974,0.0997969359006472,-1.6452325508417633,-2.6044128219852354,0.5855014718185974,0.0997969359006472,1.6452325508417633,1.434800000000001,2.0557,0.6208999999999989,473.13711466,0,0,0,0
TRN-0514,26.955,45.9404,34.6901,13.1187,15.7412,14.3547,20.4262,54.4091,20.7535,Valid,-1.2006351275500329,0.618237089147609,2.5096213584534723,1.6508871135132814,1.2006351275500329,0.618237089147609,2.5096213584534723,-1.3864999999999998,4.685000000000002,6.071500000000002,1238.3234819999998,0,0,0,0
TRN-0259,23.0657,42.911,38.0517,39.6462,13.8359,12.9469,17.9174,63.5056,20.3868,Valid,-0.9740481332880435,0.5401419715974995,1.7672334824431104,1.6482123285632078,0.9740481332880435,0.5401419715974995,1.7672334824431104,-0.8890000000000011,4.0815,4.970500000000001,989.7722527,0,0,0,0
TRN-0933,17.3708,23.4709,18.735,59.2931,10.2461,25.0,13.3719,57.3816,14.744,Invalid,14.19518411867056,0.5460717550829646,-17.889594555459873,-2.3771009043070173,14.19518411867056,0.5460717550829646,17.889594555459873,14.7539,3.1258,-11.6281,407.70830972,0,0,0,0
TRN-0785,29.2826,95.2054,38.905,21.6583,19.4396,19.4103,24.0824,44.8928,41.8587,Valid,0.7210608496050597,-0.47355665469273944,-0.17452534855729596,3.3690542570482833,0.7210608496050597,0.47355665469273944,0.17452534855729596,-0.029299999999999216,4.642800000000001,4.6721,2787.86164604,0,0,0,0
TRN-0571,13.3798,108.8273,47.6743,39.2389,12.902,15.7407,14.9064,41.0039,54.0826,Valid,2.6258029269257523,-1.2832290076430457,-4.748872867281433,2.934486515208178,2.6258029269257523,1.2832290076430457,4.748872867281433,2.838700000000001,2.0044000000000004,-0.8343000000000007,1456.0875085399998,0,0,0,0
TRN-0101,27.1641,67.3367,30.467,27.2513,16.6269,15.7919,20.9665,17.2228,25.5682,Valid,-0.5185912722607835,0.025051333995335767,1.2470052439835086,1.8899670279087424,0.5185912722607835,0.025051333995335767,1.2470052439835086,-0.8349999999999991,4.339600000000001,5.1746,1829.1408524699998,0,0,0,0
TRN-0308,23.1844,42.4018,45.5385,31.0286,13.9486,13.2804,18.2066,50.251,21.1597,Valid,-0.73759992038039,0.6858536114316962,1.6379465149476609,2.477632500758027,0.73759992038039,0.6858536114316962,1.6379465149476609,-0.6682000000000006,4.258000000000001,4.9262000000000015,983.06029192,0,0,0,0
TRN-0447,9.8677,61.8151,26.3059,40.8132,8.7661,9.7498,10.4597,49.9564,16.3916,Valid,0.2436842586329373,-0.5004297860153226,-1.6775751612916512,-5.686878190195014,0.2436842586329373,0.5004297860153226,1.6775751612916512,0.9837000000000007,1.6936,0.7098999999999993,609.97286227,0,0,0,0
TRN-0354,19.99,35.7008,43.5281,16.9993,12.0356,11.3939,15.8399,48.0139,18.4616,Valid,-0.970298524624555,0.7498240046058289,1.6387658458779892,0.4228836759591097,0.970298524624555,0.7498240046058289,1.6387658458779892,-0.6417000000000002,3.8042999999999996,4.446,713.658992,0,0,0,0
TRN-0719,9.0559,36.9234,28.2051,39.725,6.465,6.9443,7.9157,57.0223,13.4854,Valid,-0.5263852522124131,-0.1561257345959719,-0.6986205919840467,-4.658774130063742,0.5263852522124131,0.1561257345959719,0.6986205919840467,0.4793000000000003,1.4507000000000003,0.9714,334.37461806,0,0,0,0
TRN-0517,14.5943,18.3444,38.0527,7.3834,8.2053,8.0438,10.9748,48.0008,14.8727,Valid,-0.9680807793431025,0.7199771979943783,0.979626002120412,-1.8554546176433657,0.9680807793431025,0.7199771979943783,0.979626002120412,-0.1615000000000002,2.7695000000000007,2.931000000000001,267.72367692,0,0,0,0
TRN-0956,26.9366,106.6938,40.8469,10.7934,19.0883,19.8202,23.5776,47.948,52.2691,Valid,1.4264497133641925,-0.5256724407856552,-1.1931795453129084,3.386767367664234,1.4264497133641925,0.5256724407856552,1.1931795453129084,0.7318999999999996,4.4893,3.7574000000000005,2873.9682130799997,0,0,0,0
TRN-0200,21.7524,47.4856,43.3585,56.2893,13.7971,13.4394,17.6142,20.2815,20.8623,Valid,-0.4481244957025332,0.2863332602350077,0.8460353667219316,1.5539046571333976,0.4481244957025332,0.2863332602350077,0.8460353667219316,-0.35770000000000124,3.8171,4.174800000000001,1032.92576544,0,0,0,0
TRN-0463,11.7153,40.6516,40.7035,20.2729,8.0814,25.0,10.1953,47.6679,15.7596,Invalid,16.097470816622597,0.09618208610722512,-21.066194555459873,-2.7373975938059925,16.097470816622597,0.09618208610722512,21.066194555459873,16.918599999999998,2.1138999999999992,-14.8047,476.24568948,0,0,0,0
TRN-0356,29.124,78.6573,36.577,47.4556,19.0017,18.243,23.8741,45.6223,32.4715,Valid,-0.07783778106087524,-0.11763430836207789,1.0806854754894601,4.290555637168172,0.07783778106087524,0.11763430836207789,1.0806854754894601,-0.758700000000001,4.872399999999999,5.6311,2290.8152052,0,0,0,0
TRN-0464,26.9782,71.2716,36.2753,47.2463,17.4268,16.95,22.1196,59.2423,28.6182,Valid,-0.0399807526952074,0.15253541069094112,0.947593227673373,3.5749957543692545,0.0399807526952074,0.15253541069094112,0.947593227673373,-0.4768000000000008,4.692799999999998,5.169599999999999,1922.7794791200004,0,0,0,0
TRN-0052,23.8697,58.5274,22.4135,38.1949,15.3019,14.3016,19.6015,73.5974,19.7674,Valid,-0.8780990403443614,0.3549019781806706,1.751540867560628,-1.515179588042539,0.8780990403443614,0.3549019781806706,1.751540867560628,-1.0002999999999993,4.299600000000002,5.299900000000001,1397.0314797800002,0,0,0,0
TRN-0737,25.7107,30.5152,20.798,16.0054,17.9853,20.3833,18.9732,50.4902,17.8267,Invalid,2.9203052373645235,-3.711050327105532,-6.50343498348467,0.19585602074875652,2.9203052373645235,3.711050327105532,6.50343498348467,2.3979999999999997,0.9878999999999998,-1.4101,784.56715264,0,0,0,0
TRN-0549,19.3856,40.9572,26.762,34.7739,11.8918,11.2905,15.3304,44.0042,17.3213,Valid,-0.9488312481256322,0.4226130293854151,1.2590501345266958,-1.207028518938639,0.9488312481256322,0.4226130293854151,1.2590501345266958,-0.6013000000000002,3.438599999999999,4.039899999999999,793.97989632,0,0,0,0
TRN-0431,8.7941,46.5597,28.1436,40.9888,7.2282,8.1459,8.883,59.0783,14.773,Valid,-0.0020587301537755565,-0.14509880994398472,-1.240389029287961,-4.410352955384191,0.0020587301537755565,0.14509880994398472,1.240389029287961,0.9176999999999991,1.654799999999999,0.7370999999999999,409.45065777,0,0,0,0
TRN-0565,28.6246,31.4712,26.8085,33.8995,16.1176,13.8494,21.1833,47.6235,20.1548,Valid,-2.0272145676202324,0.893909382278828,3.9006946317132147,2.4524579443657935,2.0272145676202324,0.893909382278828,3.9006946317132147,-2.2682,5.0657,7.3339,900.85051152,0,0,0,0
TRN-0660,30.2971,62.8955,39.7843,12.227,18.4755,17.1061,23.7531,51.6632,28.9021,Valid,-0.7711049621168975,0.43863260473994004,2.3853288313537817,6.537598122250241,0.7711049621168975,0.43863260473994004,2.3853288313537817,-1.3693999999999988,5.2776,6.6469999999999985,1905.55125305,0,0,0,0
TRN-0834,29.9178,27.4687,35.7858,58.4409,16.4282,13.9856,21.5831,,21.1305,Valid,-2.155732185479069,0.8961359507319457,4.1296069362471,3.721367556122967,2.155732185479069,0.8961359507319457,4.1296069362471,-2.4426000000000005,5.154900000000001,7.597500000000002,821.8030728599999,0,0,0,1
TRN-0887,30.0954,88.0704,42.4991,11.1092,19.2774,19.2312,24.2806,35.2746,38.4158,Valid,0.6783349251669648,-0.06630218973574742,0.2482059019122076,4.983216911754461,0.6783349251669648,0.06630218973574742,0.2482059019122076,-0.04619999999999891,5.0032,5.049399999999999,2650.5139161600005,0,0,0,0
TRN-0336,27.8382,99.9421,33.3912,50.5934,19.2433,19.334,23.8428,53.5263,44.1841,Valid,0.8098179055142758,-0.46016137564691206,-0.318471512214046,1.764811476945063,0.8098179055142758,0.46016137564691206,0.318471512214046,0.09069999999999823,4.599499999999999,4.508800000000001,2782.20816822,0,0,0,0
TRN-0023,22.4988,39.379,38.3371,24.9876,13.1943,12.3976,17.2618,37.9205,19.4098,Valid,-0.9699313276672967,0.7007256926880743,1.8009591923564336,1.0390999043540639,0.9699313276672967,0.7007256926880743,1.8009591923564336,-0.7966999999999995,4.067500000000001,4.8642,885.9802451999999,0,0,0,0
TRN-0305,18.9752,39.1127,26.3426,46.8886,11.9802,1.0,15.6456,31.5284,17.5207,Invalid,-11.316101621551343,0.6257592064276185,14.500622943280254,-0.824385206470641,11.316101621551343,0.6257592064276185,14.500622943280254,-10.9802,3.6654,14.6456,742.17130504,0,0,0,0
TRN-0536,22.9458,45.7975,30.2669,21.8424,13.6546,12.8831,17.8131,49.1447,18.926,Valid,-0.8816220088215356,0.6665946246259153,1.7429942464096975,-0.15830302073520386,0.8816220088215356,0.6665946246259153,1.7429942464096975,-0.7714999999999996,4.158499999999998,4.929999999999998,1050.8602755,0,0,0,0
TRN-0261,18.2851,75.3805,29.9432,58.338,13.6212,14.0408,16.7649,51.2372,25.316,Valid,0.3048721196031732,-0.33910524322521596,-0.7578505178427477,-1.3747094984066948,0.3048721196031732,0.33910524322521596,0.7578505178427477,0.41960000000000086,3.143700000000001,2.7241,1378.33998055,0,0,0,0
TRN-0271,23.8412,94.0763,38.9754,13.1617,16.5737,17.2782,20.4146,30.579,39.3592,Valid,1.0129850086632928,-0.4587017734408185,-1.1689957817484427,1.7368678924720484,1.0129850086632928,0.4587017734408185,1.1689957817484427,0.7044999999999995,3.8409000000000013,3.136400000000002,2242.89188356,0,0,0,0
TRN-0827,12.4842,86.4182,28.5048,20.0729,11.1338,12.8196,13.3905,38.961,27.8574,Valid,1.2397443135523147,-0.5573836326699837,-2.599920689483575,-4.542138346684169,1.2397443135523147,0.5573836326699837,2.599920689483575,1.6857999999999986,2.2566999999999986,0.5709,1078.86209244,0,0,0,0
TRN-0148,11.8673,90.6809,39.2761,29.6365,7.3021,8.4665,12.8879,42.136,33.6087,Invalid,0.2530767495312496,3.767117365659386,2.3619210022083887,-1.5593538565019074,0.2530767495312496,3.767117365659386,2.3619210022083887,1.1643999999999997,5.5858,4.4214,1076.1374445699998,0,0,0,0
TRN-0916,15.83,22.3854,29.3857,34.8222,9.3427,8.7621,12.3496,43.3537,15.4539,Valid,-1.2509530709287198,0.6633512751146267,1.4524416693309767,-1.587323530490277,1.2509530709287198,0.6633512751146267,1.4524416693309767,-0.5806000000000004,3.0069,3.5875000000000004,354.360882,0,0,0,0
TRN-0691,16.0726,89.5872,44.0183,27.2199,13.0883,14.6408,15.8388,43.9082,35.129,Valid,1.3648474389611813,-0.587544643958255,-2.436711902765216,0.7036965179388872,1.3648474389611813,0.587544643958255,2.436711902765216,1.5525000000000002,2.7505000000000006,1.1980000000000004,1439.89923072,0,0,0,0
TRN-0915,15.1802,54.6068,48.181,36.2376,10.7723,11.6684,13.9383,46.0319,21.2765,Valid,0.40381095204217665,0.4476262440027945,-0.6073677800100032,0.8081581593481211,0.40381095204217665,0.4476262440027945,0.6073677800100032,0.8961000000000006,3.1660000000000004,2.2699,828.9421453599999,0,0,0,0
TRN-0497,22.7015,51.4484,30.3053,42.1301,14.3641,13.524,18.3201,67.2977,19.733,Valid,-0.851399407305351,0.27002896156653833,1.4457823195999246,-0.17452960368755654,0.851399407305351,0.27002896156653833,1.4457823195999246,-0.8401000000000014,3.9559999999999995,4.796100000000001,1167.9558525999998,0,0,0,0
TRN-0178,19.3405,100.3808,33.8958,5.6278,14.7691,16.3752,17.6476,40.5108,41.2567,Valid,1.6520521566272564,-0.9188958543951209,-2.8035127796251516,-1.5510489376529577,1.6520521566272564,0.9188958543951209,2.8035127796251516,1.6060999999999996,2.8785000000000007,1.272400000000001,1941.4148623999997,0,0,0,0
TRN-0327,28.9693,67.2789,26.4722,52.5104,18.1773,16.9927,23.2303,39.4128,25.7542,Valid,-0.632638017720673,0.2992903428795586,2.004742869442321,2.0945592227615037,0.632638017720673,0.2992903428795586,2.004742869442321,-1.1845999999999997,5.053000000000001,6.2376000000000005,1949.0226377699998,0,0,0,0
TRN-0856,26.9065,91.7012,35.2636,56.763,15.1083,23.7716,23.0638,67.0168,38.1997,Invalid,8.757672554014464,4.064420374396708,-6.658865623863132,2.3179983631254686,8.757672554014464,4.064420374396708,6.658865623863132,8.6633,7.955500000000001,-0.7077999999999989,2467.3583378000003,0,0,0,0
TRN-0343,26.2971,15.0966,35.2021,44.2695,13.6448,11.4401,18.4805,59.6871,18.4245,Valid,-2.3161738632423763,1.3464650549912314,4.221377772178453,1.9758133250776275,2.3161738632423763,1.3464650549912314,4.221377772178453,-2.2047000000000008,4.835699999999999,7.0404,396.99679986,0,0,0,0
TRN-0198,28.1497,26.9731,19.1549,29.9116,15.5631,13.0973,20.497,43.7674,18.5978,Valid,-2.305832301664763,0.9166910773387436,4.158103932281669,1.2242467235081982,2.305832301664763,0.9166910773387436,4.158103932281669,-2.4657999999999998,4.9338999999999995,7.399699999999999,759.2846730699999,0,0,0,0
TRN-0290,12.3628,100.7801,22.3968,23.5885,11.9041,13.7706,13.9312,40.4923,23.8671,Invalid,1.5205851568428965,-0.9921768274718108,-3.252534826783151,-19.297926471867484,1.5205851568428965,0.9921768274718108,3.252534826783151,1.8665000000000003,2.027100000000001,0.16060000000000052,1245.92422028,0,0,0,0
TRN-0711,27.3457,27.5273,34.5953,58.9132,15.4514,13.3857,20.4983,58.755,20.0657,Valid,-1.9219140535928396,1.0607237094774646,3.797516901140309,2.6523564651683316,1.9219140535928396,1.0607237094774646,3.797516901140309,-2.0656999999999996,5.046900000000001,7.1126000000000005,752.75328761,0,0,0,0
TRN-0284,17.8121,90.2115,37.616,39.5063,13.504,15.1535,16.1926,46.9822,34.353,Valid,1.5186430929682313,-0.7622983577721705,-2.7260927709164626,-0.49347965127766,1.5186430929682313,0.7622983577721705,2.7260927709164626,1.6494999999999997,2.688599999999999,1.0390999999999995,1606.8562591500001,0,0,0,0
TRN-0105,14.8368,102.3667,39.5969,23.2679,13.1569,15.4076,15.6953,41.709,43.6185,Valid,2.0723756443915367,-0.8182339350285446,-3.542142232714969,-1.001421747219716,2.0723756443915367,0.8182339350285446,3.542142232714969,2.2507,2.5383999999999993,0.2876999999999992,1518.79425456,0,0,0,0
TRN-0439,11.5518,50.4478,26.6414,37.17,8.8784,9.5543,11.0339,50.6061,15.9175,Valid,-0.05064524472510179,-0.0675756709251143,-0.8579277261474765,-3.8283881515127085,0.05064524472510179,0.0675756709251143,0.8579277261474765,0.6759000000000004,2.1555,1.4795999999999996,582.76289604,0,0,0,0
TRN-0602,21.0839,80.5436,36.3989,38.7211,7.1164,15.438,18.6809,61.7175,30.5097,Invalid,7.389118302137529,9.79298862003918,-0.5946759463504812,1.395413416394792,7.389118302137529,9.79298862003918,0.5946759463504812,8.3216,11.564500000000002,3.2429000000000006,1698.17320804,0,0,0,0
TRN-0269,15.8232,102.5936,42.3858,16.5509,13.2755,15.4911,15.8473,56.8715,45.2513,Valid,2.0534442099342307,-0.817004114933745,-3.4948840877281206,0.41866186168736874,2.0534442099342307,0.817004114933745,3.4948840877281206,2.2156000000000002,2.5718000000000014,0.3562000000000012,1623.3590515199999,0,0,0,0
TRN-0184,29.5853,85.7903,34.6521,19.6015,19.3913,18.8309,24.4083,51.7121,34.5505,Valid,0.18226013983429823,-0.08539641757205985,0.8777695103594887,2.530625062883935,0.18226013983429823,0.08539641757205985,0.8777695103594887,-0.5604000000000013,5.0169999999999995,5.577400000000001,2538.13176259,0,0,0,0
TRN-0288,15.735,21.5399,39.4762,5.9551,8.9844,8.6774,11.8477,,15.9873,Valid,-1.0207873149055757,0.6127747225395428,1.056896175831259,-0.9907292730152673,1.0207873149055757,0.6127747225395428,1.056896175831259,-0.3070000000000004,2.863299999999999,3.1702999999999992,338.9303265,0,0,0,1
TRN-0668,30.0372,108.2607,39.2159,13.5037,20.5937,21.0821,25.4809,54.9198,54.4579,Valid,1.4253509309950836,-0.5647185625334465,-0.8716096215391786,3.922352625673078,1.4253509309950836,0.5647185625334465,0.8716096215391786,0.48840000000000217,4.8872,4.398799999999998,3251.84829804,0,0,0,0
TRN-0014,11.1932,77.4751,43.4873,15.9647,9.6759,11.9007,11.5401,72.2076,27.0328,Valid,1.5952678717527942,-0.566186058038161,-3.2971237628268497,-0.5916864424348631,1.5952678717527942,0.566186058038161,3.2971237628268497,2.2248,1.8642000000000003,-0.3605999999999998,867.1942893199999,0,0,0,0
TRN-0813,30.5251,48.7172,37.482,41.8758,17.608,15.9534,22.6584,26.8364,23.0728,Valid,-1.1901730498552912,0.45874939033811657,2.73633357666359,3.5896673653968563,1.1901730498552912,0.45874939033811657,2.73633357666359,-1.6546000000000003,5.0504,6.705,1487.0974017199999,0,0,0,0
TRN-0636,14.2258,57.1339,34.1337,56.3507,10.6019,11.1591,13.4864,44.2794,18.3368,Valid,0.04328687818749444,0.21111094769150895,-0.42001798907293697,-2.6403915792579404,0.04328687818749444,0.21111094769150895,0.42001798907293697,0.5571999999999999,2.884499999999999,2.3272999999999993,812.7754346199999,0,0,0,0
TRN-0028,23.694,44.5709,39.7788,43.8321,14.2709,13.5117,18.3143,52.1311,20.5491,Valid,-0.7835878017556386,0.3830038304463059,1.4554158348848105,1.6171865660164961,0.7835878017556386,0.3830038304463059,1.4554158348848105,-0.7591999999999999,4.0434,4.8026,1056.0629046,0,0,0,0
TRN-0123,14.9187,52.9423,41.4921,16.5583,10.2995,11.0211,12.8863,38.7669,18.1844,Valid,0.1695782157486576,-0.00696210290200483,-0.8468983613461667,-1.9785032435536998,0.1695782157486576,0.00696210290200483,0.8468983613461667,0.7216000000000005,2.5868,1.8651999999999997,789.83029101,0,0,0,0
TRN-0088,21.3183,62.0168,39.4007,45.0831,14.2689,14.0302,18.1343,40.939,26.3719,Valid,-0.26336831375076564,0.20555237429590179,0.6248488762743207,4.240974116268898,0.26336831375076564,0.20555237429590179,0.6248488762743207,-0.2386999999999997,3.8653999999999993,4.104099999999999,1322.09274744,0,0,0,0
TRN-0714,12.6513,81.3865,47.8621,12.0248,10.6411,12.7964,12.6118,35.1179,32.4503,Valid,1.6463518455728945,-0.7130302697649302,-3.3495072167560966,2.9004263358929343,1.6463518455728945,0.7130302697649302,3.3495072167560966,2.1553000000000004,1.9707000000000008,-0.18459999999999965,1029.64502745,0,0,0,0
TRN-0583,19.3493,72.3037,40.4559,57.2611,13.905,14.4979,17.3418,64.2767,27.6727,Valid,0.5174406753412999,-0.12343104267625904,-0.7544353855619264,2.2377991402046398,0.5174406753412999,0.12343104267625904,0.7544353855619264,0.5929000000000002,3.4368,2.8438999999999997,1399.02598241,0,0,0,0
TRN-0421,30.2288,73.786,34.6741,38.9915,19.161,18.1341,24.232,66.364,30.0385,Valid,-0.32083816259209286,0.035075588540550484,1.5751327294721555,4.015363354164304,0.32083816259209286,0.035075588540550484,1.5751327294721555,-1.0269000000000013,5.070999999999998,6.097899999999999,2230.4622368,0,0,0,0
TRN-0511,18.3138,67.2527,31.9498,12.166,12.4674,13.1687,15.4053,43.7563,22.7241,Valid,0.4300155085850257,-0.2325066040661259,-1.0231909183285808,-0.9271266353377712,0.4300155085850257,0.2325066040661259,1.0231909183285808,0.7012999999999998,2.937900000000001,2.236600000000001,1231.65249726,0,0,0,0
TRN-0449,21.696,104.8557,37.7763,13.4195,16.5054,17.709,20.0948,50.7071,47.5433,Valid,1.501927729449445,-0.6910243377699459,-2.0290225856912336,0.5251735277604581,1.501927729449445,0.6910243377699459,2.0290225856912336,1.203599999999998,3.5893999999999977,2.3857999999999997,2274.9492672,0,0,0,0
TRN-0038,27.7592,101.5552,34.2606,17.1922,19.2427,19.2265,23.8862,59.3814,45.698,Valid,0.7028226301866454,-0.4159882533537136,-0.14030179518173824,1.8292927842149567,0.7028226301866454,0.4159882533537136,0.14030179518173824,-0.016199999999997772,4.6434999999999995,4.659699999999997,2819.09110784,0,0,0,0
TRN-0891,31.2092,24.7295,37.9771,7.605,16.1873,13.7588,21.489,46.4701,20.3503,Valid,-2.1772496521755578,1.1104162453400903,4.32007076109603,3.1378804068639887,2.1772496521755578,1.1104162453400903,4.32007076109603,-2.4284999999999997,5.3017,7.7302,771.7879114,0,0,0,0
TRN-0313,28.2726,86.4153,41.69,52.7211,18.8426,18.6702,23.9336,60.1178,37.4216,Valid,0.48338864604322396,0.14672552515288473,0.6045506023437568,5.023831379418809,0.48338864604322396,0.14672552515288473,0.6045506023437568,-0.17239999999999966,5.0909999999999975,5.263399999999997,2443.18521078,0,0,0,0
TRN-0255,17.4922,39.68,34.5857,26.5506,10.8434,10.4393,14.1841,51.656,17.2442,Valid,-0.887334326954317,0.6035315911714854,1.1812249934848733,-1.1557834752236111,0.887334326954317,0.6035315911714854,1.1812249934848733,-0.40410000000000146,3.3407,3.7448000000000015,694.090496,0,0,0,0
TRN-0647,21.852,64.5289,34.5926,11.2937,14.1639,13.9786,17.7505,39.2504,23.9903,Valid,-0.22467425541040598,-0.04446518727842985,0.3057896254222392,1.1690552339357723,0.22467425541040598,0.04446518727842985,0.3057896254222392,-0.1852999999999998,3.586599999999999,3.7718999999999987,1410.0855227999998,0,0,0,0
TRN-0423,18.2339,55.7219,24.4936,48.8595,12.3715,12.2858,15.7123,45.9793,18.5143,Valid,-0.3697736025306373,0.19618703861620546,0.3917658345058328,-2.1716494895674145,0.3697736025306373,0.19618703861620546,0.3917658345058328,-0.08569999999999922,3.3408000000000015,3.4265000000000008,1016.0275524099999,0,0,0,0
TRN-0398,23.6081,38.436,51.5397,28.3981,20.9822,13.0628,17.4497,57.6559,26.8098,Invalid,-6.918521122636431,-9.098236945689713,1.1540959059165523,8.528608841074991,6.918521122636431,9.098236945689713,1.1540959059165523,-7.9193999999999996,-3.532499999999999,4.386900000000001,907.4009316,0,0,0,0
TRN-0289,12.2869,55.9791,39.0557,27.4659,9.2859,10.2734,11.2989,58.2312,17.4577,Valid,0.31022954049872276,-0.31577749338311456,-1.4957119568057404,-3.2799732881283923,0.31022954049872276,0.31577749338311456,1.4957119568057404,0.9875000000000007,2.013,1.0254999999999992,687.80960379,0,0,0,0
TRN-0579,25.8539,97.7032,34.2355,28.4083,18.1987,18.5238,22.5244,42.8963,41.4578,Valid,0.8803759844725008,-0.43411959060483696,-0.6210930043256511,0.9555562741440013,0.8803759844725008,0.43411959060483696,0.6210930043256511,0.3251000000000026,4.325700000000001,4.000599999999999,2526.00876248,0,0,0,0
TRN-0275,17.8668,47.0833,25.1341,36.193,11.1437,10.8196,14.0121,38.2814,17.1723,Valid,-0.7688826922246275,0.05168999347603709,0.5318338430917873,-2.0811153809100063,0.7688826922246275,0.05168999347603709,0.5318338430917873,-0.3241000000000014,2.8683999999999994,3.192500000000001,841.2279044400001,0,0,0,0
TRN-0885,9.8693,34.1735,47.1174,41.4493,7.4965,8.2213,9.6744,50.7342,17.5958,Valid,-0.16423582731178143,0.3097301714385221,-0.5436735019407735,-0.3169257853464842,0.16423582731178143,0.3097301714385221,0.5436735019407735,0.7247999999999992,2.1779,1.453100000000001,337.26852355,0,0,0,0
TRN-0201,13.0583,62.9442,42.9019,15.9798,9.9293,11.3912,12.1505,38.707,23.7241,Valid,0.863689391083371,-0.2754394064552077,-2.0472452282877036,1.3464080299619532,0.863689391083371,0.2754394064552077,2.0472452282877036,1.4619,2.2211999999999996,0.7592999999999996,821.94424686,0,0,0,0
TRN-0171,15.6952,76.0224,22.3138,52.257,12.0119,20.1057,14.6344,67.6222,22.1384,Invalid,7.7620758261890845,-0.4256284506592092,-10.494266121893698,-4.8315081169001,7.7620758261890845,0.4256284506592092,10.494266121893698,8.093799999999998,2.6224999999999987,-5.471299999999999,1193.1867724800002,0,0,0,0
TRN-0689,31.6492,35.4878,43.8532,18.733,17.3536,15.3904,23.1375,33.0242,22.6997,Valid,-1.5374988283115876,1.2643672931761607,3.921633498170074,4.67891772353849,1.5374988283115876,1.2643672931761607,3.921633498170074,-1.9632000000000005,5.783899999999999,7.7471,1123.16047976,0,0,0,0
TRN-0769,8.373,78.0065,31.6603,24.9763,8.6715,10.7605,10.2026,45.9541,23.1383,Valid,1.3376733712838842,-0.6384899977005407,-3.2034796278766464,-4.733642021044172,1.3376733712838842,0.6384899977005407,3.2034796278766464,2.0890000000000004,1.5311000000000003,-0.5579000000000001,653.1484244999999,0,0,0,0
TRN-0575,29.1671,81.9158,28.8445,36.8917,18.8973,18.0038,23.9664,39.8755,31.127,Valid,-0.2291014785054415,0.10910107645603517,1.4729158966020108,1.2976336237803139,0.2291014785054415,0.10910107645603517,1.4729158966020108,-0.8935000000000031,5.069099999999999,5.962600000000002,2389.2463301800003,0,0,0,0
TRN-0428,20.4699,69.9818,34.8688,27.8474,14.2195,14.1737,17.3693,40.4876,25.319,Valid,-0.07739222793014378,-0.4965022343820529,-0.3201930118688985,0.7452262975009667,0.07739222793014378,0.4965022343820529,0.3201930118688985,-0.04579999999999984,3.149799999999999,3.195599999999999,1432.52044782,0,0,0,0
TRN-0272,30.9147,51.0044,42.4644,18.3643,17.8293,16.553,23.1521,40.4619,23.6436,Valid,-0.7779896941592668,0.6682637665506483,2.4779900498702965,3.808703481983706,0.7779896941592668,0.6682637665506483,2.4779900498702965,-1.276299999999999,5.322800000000001,6.5991,1576.78572468,0,0,0,0
TRN-0763,20.5583,61.5323,30.8158,8.7893,13.3374,13.3175,16.9269,36.3166,19.1371,Valid,-0.17359623062982976,0.18388952196676556,0.3116934877087161,-2.868567387752062,0.17359623062982976,0.18388952196676556,0.3116934877087161,-0.019899999999999807,3.5894999999999992,3.609399999999999,1264.99948309,0,0,0,0
TRN-0727,15.8896,19.4607,45.5969,8.0754,8.3908,8.3681,11.4267,74.0864,16.6021,Valid,-0.807392308827291,0.9386773938439976,1.0242836741738728,-0.21566739770294419,0.807392308827291,0.9386773938439976,1.0242836741738728,-0.022700000000000387,3.0359,3.0586,309.22273872,0,0,0,0
TRN-0042,19.2353,48.7693,27.1839,20.7282,12.089,11.6227,15.3121,57.8987,17.8278,Valid,-0.7878482497608594,0.15431603682145045,0.8237907494953927,-1.6629435581307241,0.7878482497608594,0.15431603682145045,0.8237907494953927,-0.4663000000000004,3.2230999999999987,3.689399999999999,938.0921162899999,0,0,0,0
TRN-0773,18.149,40.6311,31.4089,53.4559,3.9127,10.9356,14.7335,61.6319,17.8539,Invalid,5.7456290037923665,9.847514154835785,1.107624294917743,-0.6410101866433315,5.7456290037923665,9.847514154835785,1.107624294917743,7.022900000000001,10.820799999999998,3.7978999999999985,737.4138339000001,0,0,0,0
TRN-0764,30.7478,51.1431,43.5796,43.3897,17.9541,16.5559,23.4592,46.5817,23.6919,Valid,-0.8807010055380431,0.8150380762091665,2.7814529125346574,3.834470758628189,0.8807010055380431,0.8150380762091665,2.7814529125346574,-1.3981999999999992,5.505099999999999,6.903299999999998,1572.53781018,0,0,0,0
TRN-0620,24.1614,59.8066,29.9794,21.2834,15.3065,14.6956,19.4732,54.2948,20.9953,Valid,-0.48803612910175254,0.22072667973686677,1.1289392706714096,-0.5840239614947649,0.48803612910175254,0.22072667973686677,1.1289392706714096,-0.6108999999999991,4.166699999999999,4.777599999999998,1445.01118524,0,0,0,0
TRN-0914,14.1881,60.8325,37.1535,41.5068,11.1654,11.9085,13.8926,32.8292,19.2031,Valid,0.30110888618476217,-0.09526778926619706,-0.9544132406041594,-2.625992800769616,0.30110888618476217,0.09526778926619706,0.9544132406041594,0.7431000000000001,2.7272,1.9840999999999998,863.09759325,0,0,0,0
TRN-0982,12.4416,18.6756,38.7164,37.5457,7.2086,7.2314,9.6382,80.5135,14.96,Valid,-0.8991926003782469,0.6346804690869288,0.6632908056064615,-1.7950396533514876,0.8991926003782469,0.6346804690869288,0.6632908056064615,0.022800000000000153,2.4295999999999998,2.4067999999999996,232.35434496,0,0,0,0
TRN-0113,31.1611,31.5237,42.6012,33.9683,17.1963,15.0119,22.7454,,22.1831,Valid,-1.7825229684896762,1.0740661805792264,4.004339125432395,4.476794183187227,1.7825229684896762,1.0740661805792264,4.004339125432395,-2.1844,5.549099999999999,7.733499999999999,982.3131680700001,0,0,0,1
TRN-0258,14.7553,71.7787,35.4516,36.6047,11.449,12.6512,14.0301,53.4391,24.268,Valid,0.7968537321351903,-0.31674114918320306,-1.748994730822492,-0.9658481246079376,0.7968537321351903,0.31674114918320306,1.748994730822492,1.2021999999999995,2.5810999999999993,1.3788999999999998,1059.11625211,0,0,0,0
TRN-0002,18.4463,56.7764,23.0633,12.8259,11.8108,11.7818,14.6466,34.3554,17.3604,Valid,-0.3871617820644673,-0.1585328985799439,-0.04139556080494522,-3.541353816586131,0.3871617820644673,0.1585328985799439,0.04139556080494522,-0.028999999999999915,2.835799999999999,2.864799999999999,1047.31450732,0,0,0,0
TRN-0283,28.9197,27.591,41.9035,37.8014,15.9737,14.1276,21.1828,66.5722,21.6272,Valid,-1.6262498431711787,1.077510095792455,3.551145805912544,4.2092776339970115,1.6262498431711787,1.077510095792455,3.551145805912544,-1.8460999999999999,5.209100000000001,7.055200000000001,797.9234427,0,0,0,0
TRN-0677,21.058,68.7623,28.9605,26.7195,14.1566,14.0598,17.9396,38.7286,23.3267,Valid,-0.13719514069727445,0.15393470171330748,0.3930109985063801,-0.8231925326500971,0.13719514069727445,0.15393470171330748,0.3930109985063801,-0.0968,3.7829999999999995,3.8797999999999995,1447.9965134,0,0,0,0
TRN-0486,17.1442,103.7046,38.9918,21.6489,14.2967,16.3271,17.2076,33.04,45.6002,Valid,2.0096321396643777,-0.7565734139072404,-3.18318462509205,-0.29100890435551463,2.0096321396643777,0.7565734139072404,3.18318462509205,2.030400000000002,2.9109,0.8804999999999978,1777.93240332,0,0,0,0
TRN-0554,10.2715,99.3761,29.1666,35.7966,10.8652,13.1476,12.3766,44.9502,36.6035,Valid,1.8019457190428625,-1.231533949649048,-4.025414108664169,-5.32086311779986,1.8019457190428625,1.231533949649048,4.025414108664169,2.282400000000001,1.5114,-0.7710000000000008,1020.7416111499999,0,0,0,0
TRN-0341,21.6849,99.1059,37.2354,56.2871,16.3468,17.5527,19.8958,75.1837,42.9304,Valid,1.480708492487544,-0.6869438673742998,-2.0320251194160903,1.2398353813680814,1.480708492487544,0.6869438673742998,2.0320251194160903,1.2058999999999997,3.5489999999999995,2.3430999999999997,2149.10153091,0,0,0,0
TRN-0757,12.9334,15.2952,32.5392,39.5942,7.6572,7.2149,10.2342,59.5475,14.0025,Valid,-1.3128056678225235,0.6678399315576602,1.280013867941852,-2.464202761284893,1.3128056678225235,0.6678399315576602,1.280013867941852,-0.44229999999999947,2.577,3.0192999999999994,197.81893968,0,0,0,0
TRN-0910,22.2869,17.8971,31.6443,8.5715,11.595,10.1133,15.6096,37.8492,16.575,Valid,-1.8680642587290262,1.0778659644464863,3.0159749621281406,-0.11641971139602703,1.8680642587290262,1.0778659644464863,3.0159749621281406,-1.4817,4.0146,5.4963,398.87087798999994,0,0,0,0
TRN-0106,19.2836,88.3661,34.5776,29.6362,14.6148,15.6203,17.6864,63.2426,32.9814,Valid,1.0295679260663828,-0.6832888944371085,-1.817849135968089,-0.6413482775175439,1.0295679260663828,0.6832888944371085,1.817849135968089,1.0054999999999996,3.0715999999999983,2.0660999999999987,1704.01652596,0,0,0,0
TRN-0712,17.6549,68.982,18.0,22.2576,12.4869,12.6826,15.3412,36.2488,19.2082,Valid,-0.07297980060154963,-0.3213546285347917,-0.4772991449403339,-5.0166493201882965,0.07297980060154963,0.3213546285347917,0.4772991449403339,0.19570000000000043,2.8543000000000003,2.6586,1217.8703118,0,0,0,0
TRN-0153,22.4912,79.1664,32.2276,32.3848,14.9495,15.17,18.2547,47.7372,28.3823,Valid,0.2921506536101255,-0.5419795085242285,-0.6846911571900591,-0.04498057374164688,0.2921506536101255,0.5419795085242285,0.6846911571900591,0.22049999999999947,3.3051999999999992,3.0846999999999998,1780.5473356799998,0,0,0,0
TRN-0911,25.7853,107.8744,42.3302,30.393,18.8495,19.658,23.141,55.7069,53.2861,Valid,1.4653741034153427,-0.6547575245852642,-1.4264480022633492,3.163677160902914,1.4653741034153427,0.6547575245852642,1.4264480022633492,0.8085000000000022,4.291499999999999,3.482999999999997,2781.57376632,0,0,0,0
TRN-0174,27.0115,19.8225,30.4787,8.767,14.3092,12.2228,19.1565,43.2094,18.0087,Valid,-2.1054131205269577,1.1763970019926013,3.9150305431317225,1.1624695836830519,2.1054131205269577,1.1763970019926013,3.9150305431317225,-2.086400000000001,4.847300000000001,6.933700000000002,535.4354587500001,0,0,0,0
TRN-0798,21.3849,49.8346,40.9968,7.0434,13.0234,12.6558,16.9012,45.477,19.6213,Valid,-0.5640614947611695,0.5573295912462015,1.116332636388913,-0.02910439628239203,0.5640614947611695,0.5573295912462015,1.116332636388913,-0.36760000000000126,3.877799999999999,4.2454,1065.7079375399999,0,0,0,0
TRN-0857,25.8889,64.2977,19.4549,21.4721,15.9859,15.0523,29.8671,25.7966,21.1871,Invalid,-0.7119609657014543,9.746204139610587,11.07535845351537,-1.5676762325190516,0.7119609657014543,9.746204139610587,11.07535845351537,-0.9336000000000002,13.8812,14.8148,1664.5967255300002,0,0,0,0
TRN-0912,15.3119,79.2943,26.7302,8.6535,11.6835,12.8236,13.7694,48.9846,24.2523,Valid,0.7652806358891837,-0.8744392831710268,-2.226040243498753,-4.23750881970976,0.7652806358891837,0.8744392831710268,2.226040243498753,1.1401000000000003,2.0858999999999988,0.9457999999999984,1214.1463921700001,0,0,0,0
TRN-0380,15.1884,71.8888,38.7611,15.9947,11.6315,12.6786,14.3525,73.3601,25.6345,Valid,0.6654936577797717,-0.22546681097236387,-1.4609794846756117,0.3587998388338889,0.6654936577797717,0.22546681097236387,1.4609794846756117,1.0470999999999986,2.7209999999999983,1.6738999999999997,1091.87584992,0,0,0,0
TRN-0218,8.8571,87.1286,18.0,17.6708,9.0364,10.8602,10.0128,70.0394,23.7821,Valid,1.1162866039071968,-1.2876029058856666,-3.5184297871160837,-9.055529933435167,1.1162866039071968,1.2876029058856666,3.5184297871160837,1.8238000000000003,0.9763999999999999,-0.8474000000000004,771.7067230600002,0,0,0,0
TRN-0254,13.266,83.9721,38.084,37.6982,2.2307,13.2155,13.7599,62.2599,29.6875,Invalid,9.541823421914787,10.963210671205369,-2.727316433810733,-1.2722576638180776,9.541823421914787,10.963210671205369,2.727316433810733,10.9848,11.5292,0.5443999999999996,1113.9738786,0,0,0,0
TRN-0441,27.9046,55.7218,18.2324,29.9988,16.6567,15.1526,21.3154,66.3078,20.3549,Valid,-1.1832481884947477,0.3357752790591775,2.3978362334462453,-0.3310294923516075,1.1832481884947477,0.3357752790591775,2.3978362334462453,-1.504100000000001,4.6587,6.162800000000001,1554.89454028,0,0,0,0
TRN-0932,29.9543,57.0808,34.5208,8.0607,17.8131,16.3751,22.8791,57.4385,22.5047,Valid,-0.942176276602968,0.416071998342197,2.4281126422814197,1.5387872486515732,0.942176276602968,0.416071998342197,2.4281126422814197,-1.4379999999999988,5.0660000000000025,6.504000000000001,1709.8154074400002,0,0,0,0
TRN-0509,22.5729,70.2702,32.0218,35.5626,15.1305,15.0361,18.9293,63.9696,25.2925,Valid,0.003156529860747881,-0.0984225586833567,0.15788086423789593,0.615667196948614,0.003156529860747881,0.0984225586833567,0.15788086423789593,-0.09440000000000026,3.7988000000000017,3.893200000000002,1586.20219758,0,0,0,0
TRN-0673,17.8631,28.0256,37.8335,24.0583,10.3804,9.9369,13.4418,45.0497,16.9981,Valid,-0.9853601042430338,0.44636128223398863,1.0696302253640706,-0.4511025848881651,0.9853601042430338,0.44636128223398863,1.0696302253640706,-0.4435000000000002,3.061400000000001,3.504900000000001,500.62409536,0,0,0,0
TRN-0645,23.6417,78.9457,29.811,36.3288,15.8612,15.8629,19.7284,46.3918,27.7197,Valid,0.2050805051402218,-0.23300264196697995,-0.0801516360497132,-0.6002910570392075,0.2050805051402218,0.23300264196697995,0.0801516360497132,0.0016999999999995907,3.8672000000000004,3.865500000000001,1866.4105556900001,0,0,0,0
TRN-0263,23.5221,42.8011,25.1528,20.0814,13.8833,12.4467,17.9983,60.1067,18.5921,Valid,-1.5150724882738498,0.5606972691634091,2.4758404720119263,-0.13418220141991455,1.5150724882738498,0.5606972691634091,2.4758404720119263,-1.4366000000000003,4.115,5.5516000000000005,1006.7717543099999,0,0,0,0
TRN-0071,30.2423,98.8025,43.3388,15.5553,20.1578,20.141,25.167,47.3509,46.5089,Valid,0.8490929945129011,-0.31552886015177606,-0.0059151293232559965,5.0789673657320975,0.8490929945129011,0.31552886015177606,0.0059151293232559965,-0.01680000000000348,5.0092,5.026000000000003,2988.01484575,0,0,0,0
TRN-0013,25.5181,41.4926,31.1854,32.5279,15.1001,13.589,19.881,38.7659,20.3992,Valid,-1.417903044565806,0.8920890281874065,2.9251235657567207,1.814997802748433,1.417903044565806,0.8920890281874065,2.9251235657567207,-1.511099999999999,4.780900000000001,6.292,1058.81231606,0,0,0,0
TRN-0260,9.4712,109.8657,19.471,23.7437,10.8498,13.3049,11.9584,71.8086,43.5279,Valid,1.9726816496572912,-1.630260903307116,-4.64099607928747,-8.763460602354868,1.9726816496572912,1.630260903307116,4.64099607928747,2.4551,1.1085999999999991,-1.3465000000000007,1040.56001784,0,0,0,0
TRN-0045,10.8096,60.4465,51.1121,18.1745,8.4859,10.3638,10.0525,49.4543,23.4447,Valid,1.1044789512800168,-0.5551150642250668,-2.855596503812185,1.7108384859222916,1.1044789512800168,0.5551150642250668,2.855596503812185,1.8778999999999986,1.5665999999999993,-0.31129999999999924,653.4024863999999,0,0,0,0
TRN-0504,9.4822,31.9074,19.7147,20.1489,6.807,7.0154,8.5534,57.7914,12.6076,Valid,-0.7590489020308713,0.053262273057912424,-0.1502214103169166,-5.127804953630536,0.7590489020308713,0.053262273057912424,0.1502214103169166,0.20839999999999925,1.7463999999999995,1.5380000000000003,302.55234828,0,0,0,0
TRN-0876,31.8671,88.8569,30.5366,41.2199,20.6748,19.8194,26.0335,56.0319,36.1658,Valid,0.0948495316395892,-0.11694257733728719,1.2637233108013568,2.2238334988301673,0.0948495316395892,0.11694257733728719,1.2637233108013568,-0.8553999999999995,5.358699999999999,6.214099999999998,2831.6117179899998,0,0,0,0
TRN-0372,19.0343,99.0386,36.3031,15.1434,14.7003,15.9507,17.6891,28.0867,41.0583,Valid,1.2865833516324816,-0.7896342170745037,-2.2295798166527945,-0.5742787518146457,1.2865833516324816,0.7896342170745037,2.2295798166527945,1.250399999999999,2.9887999999999995,1.7384000000000004,1885.1304239800002,0,0,0,0
TRN-0009,31.2031,56.1702,38.3074,25.3805,18.4606,16.8161,,45.1049,23.3409,Invalid,-1.0485279279141366,,,2.5644172691876115,1.0485279279141366,,,-1.6445000000000007,,,1752.68436762,0,0,1,0
TRN-0835,27.2126,65.3667,41.2269,58.2999,17.458,16.772,22.0848,54.2976,29.4849,Valid,-0.24443583036997651,0.07769419889642037,1.13602792952749,6.417658012899025,0.24443583036997651,0.07769419889642037,1.13602792952749,-0.6859999999999999,4.626800000000003,5.312800000000003,1778.7978604199998,0,0,0,0
TRN-0083,11.6948,29.2545,30.4575,44.9411,7.7985,7.861,10.2782,33.2364,14.7517,Valid,-0.7916329766151025,0.5344369062186001,0.5125873008164348,-2.786512466514516,0.7916329766151025,0.5344369062186001,0.5125873008164348,0.0625,2.4797000000000002,2.4172000000000002,342.1255266,0,0,0,0
TRN-0365,21.4091,106.9215,33.4044,41.3117,16.4731,17.6444,20.1669,52.7348,48.6475,Valid,1.4648302695040165,-0.5775597277019493,-1.8759158735424393,-0.4713829903753961,1.4648302695040165,0.5775597277019493,1.8759158735424393,1.1713000000000022,3.6937999999999995,2.5224999999999973,2289.09308565,0,0,0,0
TRN-0695,26.8977,53.7919,36.2464,6.1602,16.2587,15.1159,21.0038,,21.5556,Valid,-0.8810155975438114,0.5338332167361983,2.1322746524376264,1.2396273933338122,0.8810155975438114,0.5338332167361983,2.1322746524376264,-1.1428000000000011,4.745099999999997,5.887899999999998,1446.87838863,0,0,0,1
TRN-0407,17.9833,30.1194,35.4344,48.3623,10.9072,10.3113,14.3367,43.036,17.5448,Valid,-1.0709932352049485,0.6754542844816704,1.4945097105135705,-0.0567824930147971,1.0709932352049485,0.6754542844816704,1.4945097105135705,-0.5959000000000003,3.429500000000001,4.025400000000001,541.64620602,0,0,0,0
TRN-0816,18.5243,67.6262,18.4807,35.1027,13.309,13.2316,27.0815,57.4387,19.8088,Invalid,-0.234979287839872,10.374601721914363,10.574081080396606,-3.963171663897647,0.234979287839872,10.374601721914363,10.574081080396606,-0.07739999999999903,13.772499999999999,13.849899999999998,1252.7280166599999,0,0,0,0
TRN-0545,13.0916,55.2408,37.3928,30.0299,9.4873,10.4214,11.8915,40.6875,17.7183,Valid,0.2814113155042559,0.02300527989131318,-1.0889044387524933,-2.87245177662572,0.2814113155042559,0.02300527989131318,1.0889044387524933,0.9341000000000008,2.4042000000000012,1.4701000000000004,723.19045728,0,0,0,0
TRN-0491,14.7563,30.7739,25.3571,45.6422,9.1825,8.7127,11.9573,61.1466,15.6403,Valid,-1.1596321588117764,0.4728886316020393,1.1221711700237993,-2.0097713378698536,1.1596321588117764,0.4728886316020393,1.1221711700237993,-0.46979999999999933,2.774800000000001,3.2446,454.10890057,0,0,0,0
TRN-0165,17.3457,64.932,40.8922,31.1934,12.3965,13.0648,15.3959,33.2196,25.6903,Valid,0.3875570647257689,-0.1519345179127285,-0.9022137798369929,2.751706095164135,0.3875570647257689,0.1519345179127285,0.9022137798369929,0.6683000000000003,2.9993999999999996,2.3310999999999993,1126.2909924,0,0,0,0
TRN-0829,8.6911,18.8487,44.6416,43.601,5.6547,6.384,7.4265,34.5325,18.1979,Invalid,-0.3652384653375371,0.36813395578466857,-0.48405662894218704,1.4289115362721851,0.3652384653375371,0.36813395578466857,0.48405662894218704,0.7293000000000003,1.7717999999999998,1.0424999999999995,163.81593657000002,0,0,0,0
TRN-0965,23.7163,15.6778,47.902,40.2774,12.5306,11.3406,16.9444,35.9469,21.424,Valid,-1.452837474604289,1.2263804529268487,2.8101660061989335,4.922959475629764,1.452837474604289,1.2263804529268487,2.8101660061989335,-1.1899999999999995,4.413800000000002,5.6038000000000014,371.81940814,0,0,0,0
TRN-0930,12.9705,95.971,30.5851,47.6831,12.1861,13.7774,14.3621,57.4774,35.4494,Valid,1.282598866572961,-0.9188218451997496,-2.830166848562728,-3.6432518901435813,1.282598866572961,0.9188218451997496,2.830166848562728,1.5913000000000004,2.176,0.5846999999999998,1244.7918554999999,0,0,0,0
TRN-0949,10.0241,35.5307,34.6749,46.0995,7.1086,7.7959,8.8038,42.2024,15.0201,Valid,-0.2460676082124884,-0.07433219956302217,-0.8800582220417041,-3.004284383639579,0.2460676082124884,0.07433219956302217,0.8800582220417041,0.6872999999999996,1.6952000000000007,1.0079000000000011,356.16328987,0,0,0,0
TRN-0446,27.5543,78.7111,47.544,31.2291,18.1674,17.9768,23.2678,56.1777,36.2413,Valid,0.3598294466037828,0.349516456465647,0.8081715960537714,8.034515883865701,0.3598294466037828,0.349516456465647,0.8081715960537714,-0.19059999999999988,5.1004000000000005,5.291,2168.82926273,0,0,0,0
TRN-0333,23.6659,83.0057,25.2352,48.7404,16.4982,16.3492,20.4081,37.4559,28.5206,Valid,0.14825798981485505,-0.3685034843795023,-0.010403020487231629,-1.8989909479988327,0.14825798981485505,0.3685034843795023,0.010403020487231629,-0.1490000000000009,3.9099000000000004,4.058900000000001,1964.4045956300001,0,0,0,0
TRN-0056,20.2038,105.4205,45.8627,19.0142,15.9943,17.8119,19.4455,50.8786,51.0559,Valid,2.040471042910882,-0.6861411931544126,-2.8073548736634564,3.4734846672973347,2.040471042910882,0.6861411931544126,2.8073548736634564,1.8176000000000005,3.4511999999999983,1.6335999999999977,2129.8946979,0,0,0,0
TRN-0221,10.0402,19.6325,30.7168,12.1244,6.0946,6.2903,8.1025,68.7331,12.8904,Valid,-0.8509050183908391,0.494175229395478,0.30964088570298376,-3.9409163718807463,0.8509050183908391,0.494175229395478,0.30964088570298376,0.19570000000000043,2.0078999999999994,1.812199999999999,197.1142265,0,0,0,0
TRN-0627,11.916,67.3207,42.1577,50.8565,10.1217,11.6624,12.2225,46.2937,24.863,Valid,0.966430851107857,-0.44626686051420883,-2.315637142117806,1.1899177494715794,0.966430851107857,0.44626686051420883,2.315637142117806,1.5406999999999993,2.1007999999999996,0.5601000000000003,802.1934612,0,0,0,0
TRN-0649,29.9515,24.049,37.3554,42.2616,16.174,3.8193,21.58,44.283,21.0209,Invalid,-12.10540977862029,1.2184369585128074,16.891585832678473,3.8577144275163384,12.10540977862029,1.2184369585128074,16.891585832678473,-12.3547,5.405999999999999,17.7607,720.3036235,0,0,0,0
TRN-0758,28.164,17.0954,24.7318,26.3672,14.91,12.0903,19.8602,43.4537,18.4735,Valid,-2.753686606813149,1.113928996744555,4.785019870269421,1.8492231519299338,2.753686606813149,1.113928996744555,4.785019870269421,-2.819700000000001,4.950199999999999,7.7699,481.4748456000001,0,0,0,0
TRN-0823,15.4117,91.4093,29.4443,39.8646,12.9836,14.5008,15.509,31.7263,32.5492,Valid,1.3153441823865801,-0.7842989652665047,-2.5908736456369006,-3.1262682163480804,1.3153441823865801,0.7842989652665047,2.5908736456369006,1.5172000000000008,2.525400000000001,1.0082000000000004,1408.77270881,0,0,0,0
TRN-0265,29.1382,24.8276,29.5091,55.8176,16.0754,13.6475,21.5425,55.5081,19.6328,Valid,-2.1931206800769996,1.3071047670581528,4.513221367817707,2.4133049357268384,2.1931206800769996,1.3071047670581528,4.513221367817707,-2.4278999999999975,5.467100000000002,7.895,723.4315743200001,0,0,0,0
TRN-0508,18.5872,24.0757,43.6181,36.0944,10.8484,9.9679,1.0,68.1033,17.6239,Invalid,-1.3630968582720318,-12.586890660100247,-11.411088074259302,0.4587769955691705,1.3630968582720318,12.586890660100247,11.411088074259302,-0.8804999999999996,-9.8484,-8.9679,447.49985104,0,0,0,0
TRN-0618,18.5828,33.833,44.6905,28.3275,8.0392,6.6552,14.4279,52.7081,18.4418,Invalid,-2.2100712667773452,4.381804690535775,6.176695638338497,0.5563903317358374,2.2100712667773452,4.381804690535775,6.176695638338497,-1.3839999999999995,6.3887,7.7726999999999995,628.7118724,0,0,0,0
TRN-0588,15.6295,19.4763,27.2332,41.9181,8.9486,8.2676,11.985,70.159,14.962,Valid,-1.3991008088108394,0.7951490431817643,1.7087852372460137,-1.8570002217091996,1.3991008088108394,0.7951490431817643,1.7087852372460137,-0.6810000000000009,3.0363999999999987,3.7173999999999996,304.40483085,0,0,0,0
TRN-0136,18.1556,100.6376,28.4831,53.8012,14.7216,15.9798,17.5126,49.0068,39.9339,Valid,1.2974058199586036,-0.9933031566069026,-2.4425798385467985,-3.103216755480908,1.2974058199586036,0.9933031566069026,2.4425798385467985,1.2581999999999987,2.7909999999999986,1.5328,1827.1360105600002,0,0,0,0
TRN-0166,29.5716,82.2388,22.4663,23.6958,19.115,18.1846,23.8408,44.7835,29.6963,Valid,-0.23162460153840314,-0.2968655570657859,1.120611640603034,-0.3059083428353482,0.23162460153840314,0.2968655570657859,1.120611640603034,-0.9303999999999988,4.725800000000003,5.656200000000002,2431.93289808,0,0,0,0
TRN-0410,19.3576,55.501,32.4643,47.3989,,12.8351,16.3875,35.6131,19.4256,Invalid,,,0.3776285554974983,-1.216388920598181,,,0.3776285554974983,,,3.5523999999999987,1074.3661576,1,0,0,0
TRN-0503,12.742,61.7987,39.8282,57.112,9.9839,11.3075,12.0489,69.2968,18.5584,Valid,0.7321695673349478,-0.44593910913057044,-2.0437878462515133,-3.5158327057945336,0.7321695673349478,0.44593910913057044,2.0437878462515133,1.323599999999999,2.0649999999999995,0.7414000000000005,787.4390354,0,0,0,0
TRN-0587,31.1799,52.9067,38.1,36.6261,18.0144,16.465,23.3782,48.7188,23.4365,Valid,-1.0226087466523914,0.6565570107925325,2.814459108694983,3.279884374661009,1.0226087466523914,0.6565570107925325,2.814459108694983,-1.5493999999999986,5.363800000000001,6.9132,1649.62561533,0,0,0,0
TRN-0975,21.1463,103.6017,31.7853,34.3651,16.2591,17.3119,19.9779,72.0292,44.8108,Valid,1.3146434702918217,-0.492578774195227,-1.6479571241867745,-0.9811706830541098,1.3146434702918217,0.492578774195227,1.6479571241867745,1.0528000000000013,3.7188000000000017,2.6660000000000004,2190.79262871,0,0,0,0
TRN-0143,31.0604,20.7146,49.4232,47.9427,13.4898,20.8227,22.3117,38.437,25.9811,Invalid,7.200092370838821,5.374864817418636,-3.715688873543563,9.065770559341331,7.200092370838821,5.374864817418636,3.715688873543563,7.3329,8.821899999999998,1.4889999999999972,643.40376184,0,0,0,0
TRN-0226,16.165,84.7277,19.8908,13.1586,12.7716,13.5427,15.1689,45.6281,25.3231,Valid,0.5406100878835698,-0.8550999991297132,-1.728881588058858,-6.070195583995503,0.5406100878835698,0.8550999991297132,1.728881588058858,0.7711000000000006,2.3973000000000013,1.6262000000000008,1369.6232705,0,0,0,0
TRN-0322,19.8459,44.1289,43.3522,13.0739,11.9391,11.8223,15.5497,85.2779,18.7618,Valid,-0.45811223155472547,0.581959416844045,0.8108736760105426,-0.11723041731463724,0.45811223155472547,0.581959416844045,0.8108736760105426,-0.11679999999999957,3.6106,3.7273999999999994,875.7777365100001,0,0,0,0
TRN-0717,28.2051,24.1533,26.3389,43.9544,15.3975,13.0615,20.2903,40.4418,19.068,Valid,-2.200005802397632,0.9215854723451145,3.9963272020604386,1.8972489796718044,2.200005802397632,0.9215854723451145,3.9963272020604386,-2.3360000000000003,4.892799999999998,7.228799999999998,681.24624183,0,0,0,0
TRN-0921,12.3228,83.6693,38.3193,59.0536,11.4682,12.9508,13.5388,25.1946,29.9729,Valid,1.0797454591875724,-0.8323523383889988,-2.6162604892305605,-0.8158898065349867,1.0797454591875724,0.8323523383889988,2.6162604892305605,1.4825999999999997,2.0706000000000007,0.588000000000001,1031.04005004,0,0,0,0
TRN-0659,21.4314,77.2592,34.8314,8.8744,14.3967,14.8306,17.5491,35.5696,27.4947,Valid,0.42718636505321506,-0.5425226363020386,-0.9645213009719136,-0.030484543662428365,0.42718636505321506,0.5425226363020386,0.9645213009719136,0.4339000000000013,3.1524,2.718499999999999,1655.7728188800002,0,0,0,0
TRN-0276,30.1002,30.3395,35.0458,22.7598,16.1821,13.8584,21.6219,65.4609,20.5299,Valid,-2.0732160958989194,1.2499710206749235,4.328002385414305,2.9120679008488253,2.0732160958989194,1.2499710206749235,4.328002385414305,-2.3236999999999988,5.439800000000002,7.7635000000000005,913.2250179,0,0,0,0
TRN-0573,12.713,94.2479,33.3957,5.1753,11.3106,13.3547,13.2436,56.797,33.8011,Valid,1.6208331825566589,-0.928029277055348,-3.4182847590427095,-3.9513708417479165,1.6208331825566589,0.928029277055348,3.4182847590427095,2.0440999999999985,1.9329999999999998,-0.11109999999999864,1198.1735526999998,0,0,0,0
TRN-0877,21.4959,97.0943,19.1262,42.5876,16.2871,16.5927,20.0402,45.6363,35.4263,Valid,0.5715797007588606,-0.46611927990234037,-0.6837009684572415,-4.57322595280575,0.5715797007588606,0.46611927990234037,0.6837009684572415,0.30560000000000187,3.7531,3.447499999999998,2087.12936337,0,0,0,0
TRN-0468,11.3447,90.8143,31.9713,16.691,10.7875,12.9436,6.04,44.117,31.1116,Invalid,1.6657451176130849,-7.469890522205618,-10.106025462364226,-4.1486152018817,1.6657451176130849,7.469890522205618,10.106025462364226,2.1561000000000003,-4.7475,-6.9036,1030.26098921,0,0,0,0
TRN-0181,18.6267,109.8992,25.7139,51.4145,15.5329,16.8204,6.878,45.3994,48.7663,Invalid,1.4430880987313248,-12.663715191220007,-14.131472434174125,-3.562389993567187,1.4430880987313248,12.663715191220007,14.131472434174125,1.2874999999999996,-8.6549,-9.9424,2047.0594286399999,0,0,0,0
TRN-0353,19.5255,108.769,34.6151,11.8696,15.5531,16.9552,18.7414,46.8337,49.4057,Valid,1.560617123334012,-0.8261292516729917,-2.4371281457949756,-1.6790190666308362,1.560617123334012,0.8261292516729917,2.4371281457949756,1.4021000000000008,3.188299999999998,1.7861999999999973,2123.7691095,0,0,0,0
TRN-0147,8.861,75.9485,36.5575,14.8645,8.6741,10.6902,10.3391,58.0673,23.809,Valid,1.2650837955532879,-0.5052613612860934,-2.978733204338919,-3.1284546512750993,1.2650837955532879,0.5052613612860934,2.978733204338919,2.0161000000000016,1.665000000000001,-0.35110000000000063,672.9796585,0,0,0,0
TRN-0144,21.5592,95.6797,38.3352,5.2788,16.0257,17.0131,19.5681,40.2086,40.0378,Valid,1.2148787374760506,-0.6037100627924801,-1.6830407870117554,1.1760149791987473,1.2148787374760506,0.6037100627924801,1.6830407870117554,0.9874000000000009,3.5424000000000007,2.5549999999999997,2062.77778824,0,0,0,0
TRN-0019,8.2185,21.3276,46.7842,33.5716,6.2229,6.6093,8.3971,71.8081,15.9881,Valid,-0.6460890236696546,0.628271253863578,0.20354853938200534,-0.9739030845439274,0.6460890236696546,0.628271253863578,0.20354853938200534,0.3864000000000001,2.1742,1.7877999999999998,175.28088060000002,0,0,0,0
TRN-0626,8.6911,18.8487,44.6416,43.601,5.6547,6.384,7.4265,34.5325,14.4551,Invalid,-0.3652384653375371,0.36813395578466857,-0.48405662894218704,-2.3138884637278156,0.3652384653375371,0.36813395578466857,0.48405662894218704,0.7293000000000003,1.7717999999999998,1.0424999999999995,163.81593657000002,0,0,0,0
TRN-0476,13.8624,81.0334,36.4075,9.6282,11.1898,12.5515,13.5137,34.8156,27.4893,Valid,0.9228499001489983,-0.5050435914457729,-2.140278210246308,-1.8766886428246643,0.9228499001489983,0.5050435914457729,2.140278210246308,1.3617000000000008,2.3239,0.9621999999999993,1123.31740416,0,0,0,0
TRN-0796,29.2093,62.3251,41.0718,47.5542,18.2781,17.4134,23.4021,46.8724,29.0277,Valid,-0.29711322248776284,0.34149936413999527,1.6489585227801555,6.815769009781139,0.29711322248776284,0.34149936413999527,1.6489585227801555,-0.8646999999999991,5.124000000000002,5.9887000000000015,1820.4725434299999,0,0,0,0
TRN-0870,10.7956,108.3219,24.6777,48.043,11.5524,13.9552,13.1178,55.7297,44.2781,Valid,2.010888945972681,-1.3599795196071671,-4.297551032330118,-6.323232269282677,2.010888945972681,1.3599795196071671,4.297551032330118,2.402799999999999,1.5654000000000003,-0.8373999999999988,1169.39990364,0,0,0,0
TRN-0854,8.6289,26.2498,23.3529,56.0306,6.2386,6.4568,8.0669,52.8494,13.2914,Valid,-0.812557443872012,0.2784272286709948,0.06489969884842495,-4.0302850549989095,0.812557443872012,0.2784272286709948,0.06489969884842495,0.2182000000000004,1.8283000000000005,1.6101,226.50689922,0,0,0,0
TRN-0134,22.2438,41.4757,24.1234,53.4966,13.6413,12.3822,17.6506,70.0693,18.4064,Valid,-1.3710565816398628,0.5210187133578685,2.209085727737051,-0.17601904275630886,1.3710565816398628,0.5210187133578685,2.209085727737051,-1.2591,4.009300000000001,5.2684000000000015,922.5771756600001,0,0,0,0
TRN-0527,14.7369,57.4826,37.9908,20.1469,10.8502,11.6163,13.5462,51.1441,18.5575,Valid,0.28373265326464114,-0.04296668811315563,-0.9340765147460743,-2.494403919491642,0.28373265326464114,0.04296668811315563,0.9340765147460743,0.7661000000000016,2.6960000000000015,1.9299,847.11532794,0,0,0,0
TRN-0770,15.7032,98.3867,38.3044,32.4798,13.1948,15.1165,15.3287,46.7966,40.2031,Valid,1.748536796257671,-1.2330099009651416,-3.5435780213027233,-0.8728842367066107,1.748536796257671,1.2330099009651416,3.5435780213027233,1.9216999999999995,2.133899999999999,0.21219999999999928,1544.98602744,0,0,0,0
TRN-0251,30.3515,109.3207,33.6619,8.9928,20.9797,21.2055,25.9842,48.8242,53.6774,Valid,1.226265702197047,-0.5605031396207956,-0.5229693984037063,1.9894068376394571,1.226265702197047,0.5605031396207956,0.5229693984037063,0.22579999999999956,5.0045,4.778700000000001,3318.04722605,0,0,0,0
TRN-0132,9.7487,72.7897,36.5709,25.4378,9.0643,10.8287,10.8578,77.4383,23.3231,Valid,1.0602569571174474,-0.4777373691266167,-2.6338890665413963,-2.301291907643062,1.0602569571174474,0.4777373691266167,2.6338890665413963,1.7644000000000002,1.7934999999999999,0.02909999999999968,709.6049483899999,0,0,0,0
TRN-0215,23.5742,80.0256,28.2073,5.4162,15.6847,15.9431,19.5115,52.9688,27.4716,Invalid,0.43603651348816364,-0.22423267337839903,-0.3976471386143885,-1.380722054324341,0.43603651348816364,0.22423267337839903,0.3976471386143885,0.25839999999999996,3.826800000000002,3.5684000000000022,1886.53949952,0,0,0,0
TRN-0780,12.6266,68.5622,35.0442,17.9569,9.9021,11.2444,12.2991,43.9458,22.3588,Valid,0.7407158674049299,-0.09251893617414986,-1.7143860083055973,-1.7233552794900717,0.7407158674049299,0.09251893617414986,1.7143860083055973,1.3422999999999998,2.3969999999999985,1.0546999999999986,865.70747452,0,0,0,0
TRN-0425,14.8763,108.8282,36.4889,20.9661,13.3401,15.6721,15.4704,25.5252,48.8125,Valid,2.178673089750376,-1.2760438005739996,-4.098824796943253,-2.3365927866534335,2.178673089750376,1.2760438005739996,4.098824796943253,2.3320000000000007,2.1303,-0.20170000000000066,1618.96095166,0,0,0,0
TRN-0273,14.7494,46.7725,41.9781,18.1946,9.8595,10.6273,12.2165,33.6728,17.7087,Valid,0.16093787551666594,-0.12137128784218731,-1.0223750888415246,-1.5029259413740874,0.16093787551666594,0.12137128784218731,1.0223750888415246,0.7677999999999994,2.3569999999999993,1.5892,689.8663115,0,0,0,0
TRN-0970,21.6393,46.0109,37.6075,53.7777,13.5387,12.9017,17.5589,27.2276,20.1454,Valid,-0.7630868392527788,0.5598589142633337,1.4654535683205303,1.0337100535879493,0.7630868392527788,0.5598589142633337,1.4654535683205303,-0.6370000000000005,4.020200000000001,4.657200000000001,995.6436683699999,0,0,0,0
TRN-0318,25.1775,66.3148,37.9414,36.4763,16.4199,15.8983,20.8264,62.0508,27.6115,Valid,-0.23596295224061414,0.15006369451169022,0.973445710942137,4.255995473751465,0.23596295224061414,0.15006369451169022,0.973445710942137,-0.5215999999999976,4.406500000000001,4.928099999999999,1669.640877,0,0,0,0
TRN-0767,27.0091,89.3887,31.1747,24.0991,18.2747,18.1538,23.0462,65.1731,35.2858,Valid,0.4461591335232491,-0.010029036614451314,0.3646311782459968,0.9928639231701339,0.4461591335232491,0.010029036614451314,0.3646311782459968,-0.1208999999999989,4.7715,4.8923999999999985,2414.30833717,0,0,0,0
TRN-0437,25.3163,24.303,33.4231,57.0072,14.28,12.2727,18.7394,78.7804,19.2354,Valid,-2.0304112839307216,0.7965078110581416,3.4353062123455835,2.053803485295539,2.0304112839307216,0.7965078110581416,3.4353062123455835,-2.007299999999999,4.4594000000000005,6.4666999999999994,615.2620389,0,0,0,0
TRN-0502,31.4814,15.7485,22.313,54.752,16.6856,13.4554,22.2083,63.0366,19.7031,Valid,-2.905036130274036,1.1916497591386133,5.420059036929796,3.1957665362279712,2.905036130274036,1.1916497591386133,5.420059036929796,-3.2302000000000017,5.5227,8.752900000000002,495.7848279,0,0,0,0
TRN-0413,23.8614,99.6453,27.3515,52.786,17.422,17.7966,21.1059,58.3409,40.8523,Valid,0.8106895812931221,-0.8550046507156743,-1.1277694410552535,-1.3065825815255607,0.8106895812931221,0.8550046507156743,1.1277694410552535,0.37460000000000093,3.6838999999999977,3.309299999999997,2377.67636142,0,0,0,0
TRN-0735,26.086,76.1449,37.1549,29.5568,16.9605,16.7213,21.3601,54.0255,29.7533,Valid,0.12713628683082234,-0.008860866004138046,0.47491328790445664,2.7294168406232515,0.12713628683082234,0.008860866004138046,0.47491328790445664,-0.2392000000000003,4.3995999999999995,4.6388,1986.3158614000001,0,0,0,0
TRN-0249,15.2693,100.304,34.0973,32.5533,12.9218,14.867,15.5072,30.5176,40.5863,Valid,1.7349797746548727,-0.7075824629562089,-3.0520853415124716,-2.153136922459531,1.7349797746548727,0.7075824629562089,3.0520853415124716,1.9452000000000016,2.5854,0.6401999999999983,1531.5718672,0,0,0,0
TRN-0941,26.4406,81.4135,28.2367,48.9851,17.6256,17.3812,22.0976,32.9076,29.618,Valid,0.22271501370591906,-0.12464676452765033,0.38483817631338724,0.05398117561123428,0.22271501370591906,0.12464676452765033,0.38483817631338724,-0.24439999999999884,4.472000000000001,4.7164,2152.6217881,0,0,0,0
TRN-0644,22.3928,21.7817,18.0,17.6499,12.3418,10.3495,16.293,43.2368,15.8306,Valid,-2.280327407567439,0.8145699177218173,3.402855042159892,-1.1656015682354877,2.280327407567439,0.8145699177218173,3.402855042159892,-1.9922999999999984,3.9512,5.9434999999999985,487.75325176000007,0,0,0,0
TRN-0004,15.8587,26.0792,30.945,29.2205,9.2522,8.8999,12.1474,35.7616,15.4348,Valid,-1.0336689304943043,0.5751820496844289,1.0772144393177499,-1.8746506119702815,1.0336689304943043,0.5751820496844289,1.0772144393177499,-0.3522999999999996,2.895199999999999,3.2474999999999987,413.58220904,0,0,0,0
TRN-0102,15.3713,82.2769,40.7093,24.3331,12.0642,13.5868,14.6883,31.9827,29.6686,Valid,1.1977761434355045,-0.438038047005211,-2.26481599712689,-0.3541109767206905,1.1977761434355045,0.438038047005211,2.26481599712689,1.5226000000000006,2.6241000000000003,1.1014999999999997,1264.70291297,0,0,0,0
TRN-0310,17.7259,93.4655,30.4254,9.3407,13.8355,15.1421,16.6845,43.4387,34.339,Valid,1.2214964116696798,-0.6922488178299311,-2.219892037713908,-2.82494160386495,1.2214964116696798,0.6922488178299311,2.219892037713908,1.3065999999999995,2.849,1.5424000000000007,1656.76010645,0,0,0,0
TRN-0653,11.3197,81.8708,23.3696,20.6582,9.9817,11.3997,11.2124,36.3911,23.001,Valid,0.8262961585787156,-1.2796627652953916,-2.9960140642334814,-6.804424039691586,0.8262961585787156,1.2796627652953916,2.9960140642334814,1.4179999999999993,1.2307000000000006,-0.1872999999999987,926.75289476,0,0,0,0
TRN-0115,28.8054,58.7016,35.5128,57.6561,17.5856,16.3149,22.4877,65.3874,23.0506,Valid,-0.8096925518319082,0.3168068478161814,2.1122169719628694,1.7285488245076372,0.8096925518319082,0.3168068478161814,2.1122169719628694,-1.270699999999998,4.902100000000001,6.172799999999999,1690.9230686399999,0,0,0,0
TRN-0772,29.2843,55.6198,36.0893,55.5212,17.8595,16.5567,22.9917,15.8876,23.1953,Valid,-0.7998516018148436,0.46907110245240347,2.3129495645829543,2.5297220670606713,0.7998516018148436,0.46907110245240347,2.3129495645829543,-1.3028000000000013,5.132200000000001,6.435000000000002,1628.78690914,0,0,0,0
TRN-0831,18.7826,102.8008,35.3483,23.859,14.421,15.9943,16.9964,53.0225,43.4195,Valid,1.5700071709526782,-1.126197129449313,-2.976967075130819,-1.6084118283086042,1.5700071709526782,1.126197129449313,2.976967075130819,1.5733000000000015,2.575400000000002,1.0021000000000004,1930.8663060799997,0,0,0,0
TRN-0705,8.2692,25.6949,31.0763,11.3228,5.3401,6.1135,6.6989,39.6231,12.5064,Valid,-0.3549763047618839,0.03350339455568818,-0.8718743471544732,-4.775476353555149,0.3549763047618839,0.03350339455568818,0.8718743471544732,0.7734000000000005,1.3588000000000005,0.5853999999999999,212.47626707999999,0,0,0,0
TRN-0991,31.3945,56.8214,40.6793,37.536,18.3479,16.9601,23.7599,53.2477,24.1357,Valid,-0.8093714797244722,0.6095456751130044,2.5752267184829982,3.2245146726428544,0.8093714797244722,0.6095456751130044,2.5752267184829982,-1.3877999999999986,5.411999999999999,6.799799999999998,1783.8794423,0,0,0,0
TRN-0862,16.9245,33.0504,36.7006,42.7713,10.4439,10.0715,13.4578,57.3797,17.5038,Valid,-0.9062669133544912,0.3821476979454346,0.9166507927354388,-0.319778016459658,0.9062669133544912,0.3821476979454346,0.9166507927354388,-0.37239999999999895,3.0139000000000014,3.3863000000000003,559.3614948,0,0,0,0
TRN-0229,14.9486,51.2987,47.6404,16.062,10.0847,11.0032,13.0154,40.751,20.6136,Valid,0.3396160085771349,0.3933389733937265,-0.6953297554738924,0.7307231468017825,0.3396160085771349,0.3933389733937265,0.6953297554738924,0.9184999999999999,2.9307,2.0122,766.84374682,0,0,0,0
TRN-0696,19.9703,69.0999,46.7115,35.8717,14.0227,14.7328,17.7988,55.6225,30.0941,Valid,0.6510145412854733,0.18369048035211222,-0.5921293184256733,5.828772443101936,0.6510145412854733,0.18369048035211222,0.5921293184256733,0.7100999999999988,3.7760999999999996,3.0660000000000007,1379.9457329700003,0,0,0,0
TRN-0371,8.4715,19.0963,37.7212,24.6285,5.5421,6.063,7.3369,59.883,13.5288,Valid,-0.585791918334337,0.4192161608238285,-0.17043842012915622,-3.260022242794175,0.585791918334337,0.4192161608238285,0.17043842012915622,0.5209000000000001,1.7948000000000004,1.2739000000000003,161.77430545,0,0,0,0
TRN-0819,17.2999,23.0813,37.999,20.686,10.0065,9.4349,13.3861,60.0238,16.4621,Valid,-1.1602207345408893,0.8627394639728987,1.6441807962657684,-0.6304733315156064,1.1602207345408893,0.8627394639728987,1.6441807962657684,-0.5716000000000001,3.3796,3.9512,399.30418187,0,0,0,0
TRN-0107,16.1498,53.7524,24.6296,36.9404,11.0133,10.8826,13.8872,35.324,16.8455,Valid,-0.5922209282191275,0.09176131057950343,0.32785248086661056,-3.463226430480468,0.5922209282191275,0.09176131057950343,0.32785248086661056,-0.13069999999999915,2.873900000000001,3.0046,868.09050952,0,0,0,0
TRN-0017,15.8688,16.7878,29.9819,37.0965,8.8732,8.0324,11.9012,45.7346,15.0326,Valid,-1.567970027797445,0.8062700842119188,1.9203420040950387,-1.5654447673065146,1.567970027797445,0.8062700842119188,1.9203420040950387,-0.8407999999999998,3.0279999999999987,3.8687999999999985,266.40224064,0,0,0,0
TRN-0196,28.5086,20.9697,30.8619,45.7868,15.5239,12.9922,20.4713,56.8221,19.7101,Valid,-2.377416422463588,0.9410857459251218,4.264288295807798,2.7752726667398484,2.377416422463588,0.9410857459251218,4.264288295807798,-2.531699999999999,4.9474,7.479099999999999,597.81678942,0,0,0,0
TRN-0548,11.0253,69.5239,28.2345,57.4589,9.5924,11.0881,11.7175,55.009,21.1399,Valid,0.8558992767494491,-0.2834946976839152,-2.099798193897648,-3.2724694253531474,0.8558992767494491,0.2834946976839152,2.099798193897648,1.4957000000000011,2.1250999999999998,0.6293999999999986,766.5218546699999,0,0,0,0
TRN-0525,9.5113,33.9672,37.9995,40.471,6.9494,7.6298,8.9024,47.3362,15.1242,Valid,-0.270999717923182,0.22382524857952113,-0.5728613843370791,-2.7719444358240697,0.270999717923182,0.22382524857952113,0.5728613843370791,0.6804000000000006,1.9530000000000003,1.2725999999999997,323.07222936,0,0,0,0
TRN-0687,29.9997,106.7406,47.4892,50.5266,20.7767,21.1299,26.0691,55.6824,57.2566,Valid,1.3201936235448315,-0.21307791826671263,-0.34331869234443957,8.325750204373051,1.3201936235448315,0.21307791826671263,0.34331869234443957,0.3531999999999975,5.292399999999997,4.9392,3202.18597782,0,0,0,0
TRN-0637,28.1778,101.9614,46.7242,5.1181,19.2773,19.9162,23.9894,55.4093,50.626,Valid,1.3634190331424243,-0.3573733261669929,-0.9017214037092138,6.383131175656835,1.3634190331424243,0.3573733261669929,0.9017214037092138,0.6388999999999996,4.7120999999999995,4.0732,2873.04793692,0,0,0,0
TRN-0790,11.0441,36.6588,49.2146,45.1862,7.7952,8.7153,10.2325,51.3039,20.4399,Valid,0.06558379760259214,0.4928807298143205,-0.605893552000369,2.3189279618526513,0.06558379760259214,0.4928807298143205,0.605893552000369,0.9200999999999988,2.4372999999999996,1.5172000000000008,404.86345308,0,0,0,0
TRN-0337,24.7539,95.1678,30.4097,7.7587,17.2067,17.6076,21.1211,62.9772,37.6123,Valid,0.804349334067382,-0.5635737034476058,-0.8755692835602673,-0.8480431596404827,0.804349334067382,0.5635737034476058,0.8755692835602673,0.40090000000000003,3.914399999999997,3.513499999999997,2355.77420442,0,0,0,0
TRN-0776,20.4738,40.3826,41.5696,36.864,12.6427,12.2225,16.7908,53.4398,19.2865,Valid,-0.6680180894036845,0.9304758300381266,1.5497070435329476,0.8167521140894429,0.6680180894036845,0.9304758300381266,1.5497070435329476,-0.42019999999999946,4.148100000000001,4.568300000000001,826.78527588,0,0,0,0
TRN-0882,16.6046,62.6201,20.6738,56.6195,12.4968,12.4027,15.5819,36.5569,19.8233,Valid,-0.36145687667828774,-0.09321942763779312,0.1146588560717543,-2.4670977047380696,0.36145687667828774,0.09321942763779312,0.1146588560717543,-0.09410000000000096,3.085099999999999,3.1792,1039.78171246,0,0,0,0
TRN-0235,14.5684,107.6301,39.9672,6.4811,13.4309,15.8185,15.7473,46.4148,49.1812,Valid,2.2467090193496393,-1.1146173424234505,-4.00555983921814,-0.6818388925364616,2.2467090193496393,1.1146173424234505,4.00555983921814,2.387600000000001,2.3164,-0.07120000000000104,1567.99834884,0,0,0,0
TRN-0112,8.0142,60.8575,28.5069,33.4378,7.7383,9.1334,9.0903,64.7652,15.6204,Valid,0.5339824397858628,-0.5778746185769528,-2.273069398710591,-6.214913355908845,0.5339824397858628,0.5778746185769528,2.273069398710591,1.3951000000000002,1.3519999999999994,-0.043100000000000804,487.72417650000006,0,0,0,0
TRN-0296,14.8834,47.7957,30.2891,13.1237,9.9603,10.1437,12.5896,65.077,16.4399,Valid,-0.41096242174243613,0.12454276402588071,-0.0421890715715012,-2.9115697069337756,0.41096242174243613,0.12454276402588071,0.0421890715715012,0.18340000000000067,2.6293000000000006,2.4459,711.36252138,0,0,0,0
TRN-0809,27.2252,27.563,26.0366,22.9568,15.0208,12.9747,19.8833,80.3398,18.8413,Valid,-1.964259011643943,0.9956186185063736,3.698248311045173,1.4253904716149677,1.964259011643943,0.9956186185063736,3.698248311045173,-2.046099999999999,4.862499999999999,6.908599999999998,750.4081876,0,0,0,0
TRN-0853,19.4248,90.8578,42.6535,7.9696,14.7149,16.0781,17.7581,53.2609,36.753,Valid,1.4014549081830872,-0.7392569179590538,-2.3203759837472226,1.4626580282259098,1.4014549081830872,0.7392569179590538,2.3203759837472226,1.363199999999999,3.043199999999999,1.6799999999999997,1764.89459344,0,0,0,0
TRN-0529,31.0312,81.3554,30.7886,32.5102,19.8275,25.595,25.174,47.8984,31.6224,Invalid,6.5800210131703665,0.11778522448258144,-6.832754797763094,2.0888045964553505,6.5800210131703665,0.11778522448258144,6.832754797763094,5.767499999999998,5.346499999999999,-0.4209999999999994,2524.55568848,0,0,0,0
TRN-0874,21.7457,52.85,38.0608,53.9387,14.0088,13.5919,1.0,63.0673,20.8285,Invalid,-0.4779218497184097,-16.59740727332424,-15.959515190867233,0.6818779135618556,0.4779218497184097,16.59740727332424,15.959515190867233,-0.41690000000000005,-13.0088,-12.5919,1149.260245,0,0,0,0
TRN-0293,23.6339,86.7762,33.2134,26.0206,16.5715,16.8931,20.2296,47.5054,33.6492,Valid,0.6297575632113386,-0.6408838436661917,-0.8710475644300075,1.0300291351912776,0.6297575632113386,0.6408838436661917,0.8710475644300075,0.3216000000000001,3.658100000000001,3.336500000000001,2050.8600331800003,0,0,0,0
TRN-0386,24.1553,87.6288,31.6699,9.5358,16.7324,16.8579,20.8384,37.0967,33.0113,Valid,0.45765332078990184,-0.23821360342072495,-0.2181023712266601,-0.14029228309755837,0.45765332078990184,0.23821360342072495,0.2181023712266601,0.1255000000000024,4.106000000000002,3.9804999999999993,2116.69995264,0,0,0,0
TRN-0001,28.6557,37.7881,19.8451,49.0661,16.5184,14.4007,21.5919,60.3044,20.1476,Valid,-1.8174403068163691,0.7894265225327501,3.6176099720420076,1.9260427092968868,1.8174403068163691,0.7894265225327501,3.6176099720420076,-2.1176999999999992,5.073499999999999,7.1911999999999985,1082.84445717,0,0,0,0
TRN-0483,28.1686,30.8848,47.1226,31.0161,15.6773,13.958,20.8884,49.9856,22.8391,Valid,-1.5427403018392578,1.1621268919193923,3.469535878549081,5.180760062464476,1.5427403018392578,1.1621268919193923,3.469535878549081,-1.7193000000000005,5.2111,6.930400000000001,869.98157728,0,0,0,0
TRN-0127,31.9221,26.6474,39.91,58.3026,17.1866,14.5966,22.8735,43.6359,22.4999,Valid,-2.1895890796345707,1.2146079081629324,4.653439205281668,5.149705982516185,2.1895890796345707,1.2146079081629324,4.653439205281668,-2.589999999999998,5.686900000000001,8.2769,850.64096754,0,0,0,0
TRN-0207,16.4512,87.7723,18.0,18.5651,13.0139,13.8086,15.8387,34.7912,26.7392,Valid,0.5969503791622337,-0.4930989227138234,-1.392713660346896,-6.503308302006442,0.5969503791622337,0.4930989227138234,1.392713660346896,0.7947000000000006,2.8247999999999998,2.030099999999999,1443.95966176,0,0,0,0
TRN-0471,27.1316,40.1931,50.0495,59.2364,15.9906,14.7284,21.0562,65.685,26.8539,Valid,-1.039871659958152,0.9292918950287365,2.670790608626305,8.403166910024076,1.039871659958152,0.9292918950287365,2.670790608626305,-1.2622,5.0656,6.3278,1090.50311196,0,0,0,0
TRN-0059,30.7887,106.5889,44.7605,54.8665,21.3848,21.588,35.7555,55.686,55.6198,Invalid,1.2709205545986748,8.686557010215164,8.76895365309952,6.846025069246664,1.2709205545986748,8.686557010215164,8.76895365309952,0.2032000000000025,14.3707,14.167499999999997,3281.7336654299997,0,0,0,0
TRN-0063,27.5392,38.1989,35.1752,12.4804,15.2211,13.532,20.2284,69.7442,19.9811,Valid,-1.5785303606647627,1.0849929758749681,3.344044276174973,1.721902381200195,1.5785303606647627,1.0849929758749681,3.344044276174973,-1.6890999999999998,5.007300000000001,6.696400000000001,1051.9671468800002,0,0,0,0
TRN-0698,13.6327,45.7725,28.7424,15.8314,9.2535,9.6527,11.532,46.4299,16.0087,Valid,-0.2820109077362325,-0.04185579512760462,-0.4833684093395867,-3.072411939785585,0.2820109077362325,0.04185579512760462,0.4833684093395867,0.39919999999999867,2.2784999999999993,1.8793000000000006,624.00276075,0,0,0,0
TRN-0960,24.9995,20.1043,45.4578,57.462,14.2425,12.5571,19.3371,44.5012,20.9081,Valid,-1.7137696747977884,1.441992077775332,3.6760941321416283,4.0398813347243525,1.7137696747977884,1.441992077775332,3.6760941321416283,-1.6853999999999996,5.0946,6.779999999999999,502.59744785,0,0,0,0
TRN-0899,14.9915,18.5185,35.0207,17.393,8.2577,7.9147,10.9201,35.7485,14.8891,Valid,-1.1434107268124354,0.5994129706193139,1.0870498768019754,-1.8532196915712156,1.1434107268124354,0.5994129706193139,1.0870498768019754,-0.34299999999999997,2.6624,3.0054,277.62009275,0,0,0,0
TRN-0100,21.3697,98.1157,35.5882,6.5734,15.6299,16.7153,19.2324,,40.8155,Valid,1.2550671003046485,-0.43328448285450705,-1.6452617855686498,-0.03180335015149893,1.2550671003046485,0.43328448285450705,1.6452617855686498,1.0854,3.602499999999999,2.5170999999999992,2096.70307429,0,0,0,1
TRN-0292,17.4334,47.8325,29.7571,5.9921,17.1563,11.1729,14.0808,78.7172,16.7479,Invalid,-5.587566528902583,-7.539229464590083,0.15706024547336028,-2.608722031351899,5.587566528902583,7.539229464590083,0.15706024547336028,-5.983400000000001,-3.0755000000000017,2.9078999999999997,833.8831055,0,0,0,0
TRN-0789,8.159,75.9748,31.6705,28.6888,8.5246,10.3218,9.8852,59.4848,22.5855,Valid,1.0283753286600703,-0.7710894532338983,-2.9701715738906334,-4.363495108229348,1.0283753286600703,0.7710894532338983,2.9701715738906334,1.7972000000000001,1.3605999999999998,-0.4366000000000003,619.8783932000001,0,0,0,0
TRN-0883,20.0684,50.751,37.9395,44.2971,20.5106,12.7888,16.5123,50.9035,19.4832,Invalid,-6.798450195762223,-9.425929062100867,0.5605299773929495,-0.31089480226830446,6.798450195762223,9.425929062100867,0.5605299773929495,-7.7218,-3.9983000000000004,3.7234999999999996,1018.4913683999999,0,0,0,0
TRN-0987,8.9208,80.0837,21.4928,31.7022,9.0013,10.7514,10.3396,80.3354,21.0958,Valid,1.0383506032112528,-0.9166046559222636,-3.055056601327516,-7.785689363946634,1.0383506032112528,0.9166046559222636,3.055056601327516,1.7500999999999998,1.3383000000000003,-0.4117999999999995,714.41067096,0,0,0,0
TRN-0845,20.8759,61.2433,21.7204,5.906,13.325,12.9631,16.6578,58.0203,18.2318,Valid,-0.5172920197228095,-0.06944289491149647,0.48730469579826874,-3.700328536282747,0.5172920197228095,0.06944289491149647,0.48730469579826874,-0.36189999999999856,3.3328000000000024,3.694700000000001,1278.50900647,0,0,0,0
TRN-0519,12.9126,55.1864,41.4512,58.3725,10.086,11.2424,12.5973,57.737,18.5291,Valid,0.5776780652011784,-0.02640197582918269,-1.413675636677313,-2.0510135975795123,0.5776780652011784,0.02640197582918269,1.413675636677313,1.1563999999999997,2.5113000000000003,1.3549000000000007,712.59990864,0,0,0,0
TRN-0170,22.0985,55.2047,44.9647,31.4216,13.6698,13.7222,17.7092,52.3794,21.3338,Valid,-0.055624546839730726,0.5433521876198206,0.586193344595241,0.7501105957509218,0.055624546839730726,0.5433521876198206,0.586193344595241,0.052400000000000446,4.039399999999999,3.9869999999999983,1219.94106295,0,0,0,0
TRN-0803,14.8867,75.4868,18.0,7.5017,11.0816,11.7859,13.2672,44.839,19.2982,Valid,0.2515382034328155,-0.6146401288803975,-1.425941405209361,-7.438325978338135,0.2515382034328155,0.6146401288803975,1.425941405209361,0.7042999999999999,2.185600000000001,1.481300000000001,1123.74934556,0,0,0,0
TRN-0414,14.0512,70.4544,45.052,55.2408,11.3593,12.7422,13.8951,60.6659,27.6443,Valid,0.9659308995404423,-0.338176322234764,-1.9981917258410071,2.901072821370807,0.9659308995404423,0.338176322234764,1.9981917258410071,1.3829000000000011,2.5358,1.152899999999999,989.96886528,0,0,0,0
TRN-0347,31.3892,61.6279,30.734,59.4728,19.219,17.6853,24.8014,77.0681,23.7916,Valid,-0.8184396719614888,0.5297492512347297,2.707296503777659,1.7614134308217793,0.8184396719614888,0.5297492512347297,2.707296503777659,-1.5336999999999996,5.5824,7.116099999999999,1934.4504786799998,0,0,0,0
TRN-0022,10.984,63.6764,34.8429,45.5198,9.0669,10.3063,11.1205,29.858,21.5988,Valid,0.5355711879995901,-0.21831166223191367,-1.7154134800892447,-0.9803485470343674,0.5355711879995901,0.21831166223191367,1.7154134800892447,1.2393999999999998,2.0535999999999994,0.8141999999999996,699.4215776,0,0,0,0
TRN-0534,9.9767,102.2508,27.3341,52.6467,10.9906,13.3539,12.5827,12.1712,38.8217,Valid,1.8988717606326393,-1.184025507534983,-4.078180928522135,-5.690018744262865,1.8988717606326393,1.184025507534983,4.078180928522135,2.363299999999999,1.5921000000000003,-0.7711999999999986,1020.1255563599999,0,0,0,0
TRN-0690,19.3418,107.1489,26.47,17.3647,15.2982,16.7083,,58.3653,45.6354,Invalid,1.531767805671386,,,-3.7209692100153475,1.531767805671386,,,1.4101000000000017,,,2072.4525940199997,0,0,1,0
TRN-0021,25.4376,105.8126,24.01,17.6411,17.9464,18.4169,21.6122,51.5824,45.8638,Valid,0.9868133965794676,-1.0220687410320082,-1.399259180247661,-2.114795752309675,0.9868133965794676,1.0220687410320082,1.399259180247661,0.4704999999999977,3.665800000000001,3.195300000000003,2691.61859376,0,0,0,0
TRN-0280,27.7531,100.6147,29.6118,29.7973,19.0287,19.2137,23.3513,64.087,43.5179,Valid,0.8701266835766823,-0.6752071686918413,-0.6591546512745587,0.5012964450537041,0.8701266835766823,0.6752071686918413,0.6591546512745587,0.18499999999999872,4.322599999999998,4.137599999999999,2792.36983057,0,0,0,0
TRN-0366,24.3028,79.2742,39.3552,10.3422,16.3572,16.5962,20.5079,46.8445,30.8484,Valid,0.5153478651309271,-0.08815840896710725,-0.2203905905917587,2.3684348809222833,0.5153478651309271,0.08815840896710725,0.2203905905917587,0.23900000000000077,4.1507000000000005,3.9116999999999997,1926.58502776,0,0,0,0
TRN-0775,29.5407,41.2186,43.8119,6.1275,16.6176,15.0835,21.8808,48.6293,22.324,Valid,-1.2190771945497367,0.9512648161846009,3.049919135127478,3.768550500917783,1.2190771945497367,0.9512648161846009,3.049919135127478,-1.5340999999999987,5.263200000000001,6.7973,1217.62629702,0,0,0,0
TRN-0274,30.8093,80.8853,32.2866,32.2677,19.4915,18.5482,24.6741,53.8304,31.928,Valid,-0.18465478300103655,0.051235135029415346,1.4980139830592698,2.6385302246516815,0.18465478300103655,0.051235135029415346,1.4980139830592698,-0.9432999999999971,5.182600000000001,6.125899999999998,2492.01947329,0,0,0,0
TRN-0404,23.7474,48.4547,23.1116,46.5521,14.4691,13.4609,18.3451,48.0412,19.5522,Valid,-1.004715114158925,0.16118622485390688,1.5499578097020503,0.10713965687145688,1.004715114158925,0.16118622485390688,1.5499578097020503,-1.0081999999999987,3.8759999999999994,4.884199999999998,1150.67314278,0,0,0,0
TRN-0139,20.8691,25.8051,33.1449,7.2908,11.1923,10.2307,14.7645,59.8275,16.6329,Valid,-1.400128149319423,0.7425928077799586,2.023492451947222,-0.6568861371747445,1.400128149319423,0.7425928077799586,2.023492451947222,-0.9615999999999989,3.5722000000000005,4.533799999999999,538.52921241,0,0,0,0
TRN-0325,26.5393,44.1499,20.0222,45.7095,15.6498,13.8113,20.1295,60.542,19.3421,Valid,-1.6659401917847845,0.4383793053662721,2.894698643408642,0.4605806471822298,1.6659401917847845,0.4383793053662721,2.894698643408642,-1.8385000000000016,4.479699999999999,6.318200000000001,1171.7074410700002,0,0,0,0
TRN-0155,25.4113,48.2705,35.1281,17.6202,15.2911,14.2782,19.8332,46.3663,20.6212,Valid,-0.8922551306911721,0.600395918593005,2.0125987859513046,1.202584083570315,0.8922551306911721,0.600395918593005,2.0125987859513046,-1.0129000000000001,4.542100000000001,5.5550000000000015,1226.61615665,0,0,0,0
TRN-0756,18.5486,32.1192,32.1721,47.2999,11.1649,10.5368,14.573,52.4955,17.5281,Valid,-1.0701554556530706,0.5857648937418602,1.4477305026334655,-0.22346932015134513,1.0701554556530706,0.5857648937418602,1.4477305026334655,-0.6280999999999999,3.408100000000001,4.036200000000001,595.76619312,0,0,0,0
TRN-0679,30.3557,91.8033,35.0595,45.8747,19.865,19.5118,24.6688,53.0942,39.1206,Valid,0.46536003956920524,-0.4357998092045783,0.28463042223254575,3.1663697784461533,0.46536003956920524,0.4357998092045783,0.28463042223254575,-0.3531999999999975,4.8038000000000025,5.157,2786.7534338099995,0,0,0,0
TRN-0837,22.8665,30.6578,36.9534,24.3963,15.1315,16.2079,16.7916,45.8619,18.3588,Invalid,1.1740999954327958,-2.23739930065501,-3.449679295116482,0.717367948371983,1.1740999954327958,2.23739930065501,3.449679295116482,1.0763999999999978,1.6600999999999981,0.5837000000000003,701.0365836999999,0,0,0,0
TRN-0160,30.0586,32.3412,37.7249,9.3042,16.3571,14.3251,21.5508,54.612,21.2713,Valid,-1.7556669384486607,0.9548696169485567,3.671357591794905,3.5027061797085572,1.7556669384486607,0.9548696169485567,3.671357591794905,-2.0319999999999983,5.1937,7.225699999999998,972.13119432,0,0,0,0
TRN-0058,31.3506,109.6014,35.8066,50.6344,21.7,21.5969,27.0793,57.1371,55.8411,Valid,1.0173732955682233,-0.3978688908439594,0.08159985091169375,3.843268971250062,1.0173732955682233,0.3978688908439594,0.08159985091169375,-0.10309999999999775,5.379300000000001,5.482399999999998,3436.06965084,0,0,0,0
TRN-0357,13.0874,48.0294,42.0912,28.1127,9.6031,10.4584,12.469,52.8484,17.6333,Invalid,0.21681368092890452,0.4545139937132472,-0.5578519144890475,-1.7510374682773673,0.21681368092890452,0.4545139937132472,0.5578519144890475,0.8552999999999997,2.8659,2.0106,628.5799695600001,0,0,0,0
TRN-0964,17.1665,43.9713,47.3783,13.5215,10.8962,11.3229,14.2006,,19.9834,Valid,-0.04979795412018362,0.553264997951592,0.08858250051257421,1.1229741387019025,0.04979795412018362,0.553264997951592,0.08858250051257421,0.4267000000000003,3.3043999999999993,2.877699999999999,754.83332145,0,0,0,1
TRN-0594,31.7607,60.7084,33.7976,47.1394,19.2807,17.6694,24.8962,49.0986,24.0277,Valid,-0.886240617113284,0.5450452964031385,2.8220346863998245,2.229390844045593,0.886240617113284,0.5450452964031385,2.8220346863998245,-1.6113,5.615500000000001,7.226800000000001,1928.14127988,0,0,0,0
TRN-0520,20.2427,35.2642,36.7994,8.5725,11.3985,11.1055,14.7262,66.0157,17.8961,Valid,-0.7048934693611706,0.4432972949520675,0.8870610923944646,-0.10598770367773369,0.7048934693611706,0.4432972949520675,0.8870610923944646,-0.29300000000000104,3.3277,3.620700000000001,713.84262134,0,0,0,0
TRN-0495,22.6527,78.1419,34.0494,41.5444,15.8485,16.0008,20.0946,47.2861,28.8206,Valid,0.35382422773548505,0.14943835069482958,0.11308003856814963,0.8849111944265502,0.35382422773548505,0.14943835069482958,0.11308003856814963,0.1523000000000021,4.2461,4.093799999999998,1770.1250181300002,0,0,0,0
TRN-0328,8.935,70.4062,39.5264,32.159,8.5375,10.6639,10.031,45.449,23.2713,Valid,1.3591086949720381,-0.6415152042571961,-3.253819011420731,-1.4545104937256426,1.3591086949720381,0.6415152042571961,3.253819011420731,2.1264000000000003,1.493500000000001,-0.6328999999999994,629.079397,0,0,0,0
TRN-0152,30.236,74.725,22.1657,13.3417,19.1212,17.8014,23.953,34.737,26.2554,Valid,-0.6200429761628854,-0.19265226613640607,1.7133115949477968,-0.15642787125437607,0.6200429761628854,0.19265226613640607,1.7133115949477968,-1.3198000000000008,4.831799999999998,6.151599999999998,2259.3851,0,0,0,0
TRN-0962,19.9277,91.0498,37.7678,56.4853,15.2122,16.215,18.7176,44.0866,36.8685,Valid,1.1120899544822471,-0.4144418339791862,-1.5325844694380955,1.4447481246832368,1.1120899544822471,0.4144418339791862,1.5325844694380955,1.0028000000000006,3.5054000000000016,2.502600000000001,1814.4130994600002,0,0,0,0
TRN-0990,26.8625,67.5097,36.0548,44.896,17.1685,16.3352,21.811,34.2837,28.0254,Valid,-0.43562387505148337,0.17532319362314297,1.4100561333350363,4.29127435999688,0.43562387505148337,0.17532319362314297,1.4100561333350363,-0.8333000000000013,4.642499999999998,5.4758,1813.47931625,0,0,0,0
TRN-0740,28.0295,103.8628,36.1283,6.1492,19.0844,19.44,23.6415,48.6006,48.3109,Valid,1.0495327008700706,-0.4567488983338137,-0.6526585898881976,2.266642636640775,1.0495327008700706,0.4567488983338137,0.6526585898881976,0.3556000000000026,4.557100000000002,4.201499999999999,2911.2223526,0,0,0,0
TRN-0812,8.5155,86.0259,29.6979,10.0395,8.8374,11.0558,10.0591,57.7836,26.1854,Valid,1.4869313165131128,-0.9907670144441063,-3.7176546488518447,-5.9761063265586785,1.4869313165131128,0.9907670144441063,3.7176546488518447,2.218399999999999,1.2217000000000002,-0.9966999999999988,732.5535514499999,0,0,0,0
TRN-0079,21.2508,94.7546,38.0479,17.6921,15.5653,16.2966,18.7659,23.5672,38.6996,Valid,0.89158687485582,-0.8172204887736605,-1.5866305798810139,0.5593596232195353,0.89158687485582,0.8172204887736605,1.5866305798810139,0.731300000000001,3.200599999999998,2.469299999999997,2013.6110536800002,0,0,0,0
TRN-0008,16.3568,100.6456,27.8161,43.0531,13.7975,15.3252,16.3612,64.6641,40.05,Valid,1.4373309020884815,-0.9671759062777312,-2.772878922890861,-2.99428568604975,1.4373309020884815,0.9671759062777312,2.772878922890861,1.5277000000000012,2.5637000000000008,1.0359999999999996,1646.23995008,0,0,0,0
TRN-0865,9.9448,45.6114,22.4851,47.8265,7.713,8.1738,9.3757,51.8502,14.7227,Valid,-0.4032489103434198,-0.26071047150555415,-0.7827249205230657,-4.337935150088665,0.4032489103434198,0.26071047150555415,0.7827249205230657,0.4607999999999999,1.6627,1.2019000000000002,453.59625072000006,0,0,0,0
TRN-0909,10.9793,47.4117,37.106,33.0558,8.1981,9.362,10.0748,55.9068,16.3132,Valid,0.3564722269080054,-0.17097337095682263,-1.5755908205961493,-2.985020001273213,0.3564722269080054,0.17097337095682263,1.5755908205961493,1.1639,1.8766999999999996,0.7127999999999997,520.5472778100001,0,0,0,0
TRN-0693,16.6508,72.2498,37.118,36.5301,12.4433,13.3031,15.5018,77.6366,25.539,Valid,0.5852983361341213,-0.10542209112302459,-1.0953374435597318,0.12491421715137818,0.5852983361341213,0.10542209112302459,1.0953374435597318,0.8597999999999999,3.0584999999999987,2.1986999999999988,1203.01696984,0,0,0,0
TRN-0427,21.5946,80.6941,19.9261,48.8104,15.272,15.2728,18.9574,48.5895,25.4469,Valid,0.11869395902471247,-0.25101006142413596,-0.11094722072781238,-3.7443112507044525,0.11869395902471247,0.25101006142413596,0.11094722072781238,0.0007999999999999119,3.6853999999999996,3.6845999999999997,1742.5568118600002,0,0,0,0
TRN-0595,8.7473,59.1484,29.0356,9.764,7.646,9.0648,9.2381,55.1136,15.0574,Valid,0.5469997506630868,-0.31420084874014265,-2.0391359405128924,-6.367234572145174,0.5469997506630868,0.31420084874014265,2.0391359405128924,1.4188,1.5920999999999994,0.17329999999999934,517.38879932,0,0,0,0
TRN-0086,8.299,38.1623,29.2119,41.8582,6.5322,7.5852,7.9413,57.9677,14.3793,Valid,0.05479344002513731,-0.21465879850389769,-1.4779495481828704,-3.876520296518816,0.05479344002513731,0.21465879850389769,1.4779495481828704,1.0530000000000008,1.4091000000000005,0.35609999999999964,316.7089277,0,0,0,0
TRN-0338,23.8341,19.4216,36.1564,8.3279,12.4987,11.0045,16.7929,39.7972,17.556,Valid,-1.7613029404049758,1.1153691141160902,3.080538444301583,0.7413248108226504,1.7613029404049758,1.1153691141160902,3.080538444301583,-1.4941999999999993,4.2942,5.788399999999999,462.89635656,0,0,0,0
TRN-0745,16.5307,105.1387,45.288,58.565,14.3957,16.4442,17.1558,35.4316,18.6752,Invalid,2.0416456382981796,-0.9345480020884018,-3.3818534460569687,-28.624730321081028,2.0416456382981796,0.9345480020884018,3.3818534460569687,2.048499999999999,2.7600999999999996,0.7116000000000007,1738.01630809,0,0,0,0
TRN-0256,17.645,28.3906,40.9344,39.962,10.5166,10.0301,14.1336,18.6089,17.3983,Valid,-1.011197200507402,0.9660984165161768,1.6444247867297204,-0.07724073896135053,1.011197200507402,0.9660984165161768,1.6444247867297204,-0.48650000000000126,3.616999999999999,4.1035,500.952137,0,0,0,0
TRN-0412,30.6871,101.6972,34.5462,27.1574,20.6696,20.5741,25.6762,43.8239,46.3496,Valid,0.85389611146676,-0.46752086605619425,-0.03959248323786824,2.3505159211559814,0.85389611146676,0.46752086605619425,0.03959248323786824,-0.0954999999999977,5.006600000000002,5.1021,3120.79214612,0,0,0,0
TRN-0073,25.9467,99.2373,38.3006,24.3131,18.2167,18.773,22.4057,42.8541,44.0862,Valid,1.1143647846518583,-0.5759598041560672,-1.0522376761378247,2.282136530481239,1.1143647846518583,0.5759598041560672,1.0522376761378247,0.5563000000000002,4.189,3.6327,2574.88045191,0,0,0,0
TRN-0836,11.3923,89.2344,39.1595,59.9745,10.9529,13.1016,13.2032,58.1531,32.8614,Valid,1.6794475624451746,-0.5158421233207129,-3.141091863209857,-1.3291562661696403,1.6794475624451746,0.5158421233207129,3.141091863209857,2.1487,2.250300000000001,0.10160000000000124,1016.58505512,0,0,0,0
TRN-0907,9.433,32.4186,50.2549,16.8465,11.9059,7.6211,8.2026,50.3169,20.0939,Invalid,-4.630478248789155,-6.7230583063397145,-1.261735338093965,2.3193503645240092,4.630478248789155,6.7230583063397145,1.261735338093965,-4.284800000000001,-3.7033000000000005,0.5815000000000001,305.8046538,0,0,0,0
TRN-0010,28.6079,69.1926,27.2581,40.2768,17.9159,16.5888,22.8275,53.0851,25.8781,Valid,-0.8154806314889669,0.23241687029221936,2.108490327496778,1.5808213551852788,0.8154806314889669,0.23241687029221936,2.108490327496778,-1.3271000000000015,4.9116,6.2387000000000015,1979.45498154,0,0,0,0
TRN-0569,27.6118,92.0571,36.6811,42.2679,18.5669,18.6258,22.8757,40.0431,38.7324,Valid,0.671462747024048,-0.5563504505001617,-0.3976810819972698,2.5969934017438945,0.671462747024048,0.5563504505001617,0.3976810819972698,0.058900000000001285,4.308799999999998,4.249899999999997,2541.86223378,0,0,0,0
TRN-0528,8.5617,24.5077,44.9333,6.3482,5.669,6.6036,7.5,61.0969,14.2798,Valid,-0.15839161648788203,0.4237649629533218,-0.6863919223268873,-2.9166033984299222,0.15839161648788203,0.4237649629533218,0.6863919223268873,0.9346000000000005,1.8310000000000004,0.8963999999999999,209.82757509,0,0,0,0
TRN-0983,29.4688,17.7436,33.5759,43.7144,15.3535,13.0609,20.5369,47.1622,20.0059,Valid,-2.162958385816978,1.2243929781896767,4.243680108080387,3.3272035914667164,2.162958385816978,1.2243929781896767,4.243680108080387,-2.2926,5.183399999999999,7.475999999999999,522.88259968,0,0,0,0
TRN-0760,31.1008,93.8091,38.0847,57.8627,20.76,20.5065,25.8765,55.4406,42.5878,Valid,0.7107468468983136,-0.38408627802984086,0.24543968294015173,5.166920992914463,0.7107468468983136,0.38408627802984086,0.24543968294015173,-0.2535000000000025,5.1164999999999985,5.370000000000001,2917.53805728,0,0,0,0
TRN-0547,8.4849,99.8539,44.2752,43.2362,9.9363,12.819,11.4051,50.535,40.8455,Valid,2.285358023481466,-1.0296722237814748,-4.584567756121329,-1.4962015447112762,2.285358023481466,1.0296722237814748,4.584567756121329,2.8827000000000016,1.4687999999999999,-1.4139000000000017,847.25035611,0,0,0,0
TRN-0376,17.5322,81.2201,46.1176,40.8133,13.0548,14.5056,15.8591,79.6941,32.7707,Valid,1.2585984943110393,-0.5246716887588772,-2.246795589865842,3.307737838526979,1.2585984943110393,0.5246716887588772,2.246795589865842,1.4507999999999992,2.8042999999999996,1.3535000000000004,1423.96703722,0,0,0,0
TRN-0600,14.0661,84.1703,25.8325,46.2828,11.8873,13.3135,14.1282,36.08,26.6367,Valid,1.0780775250947396,-0.7738834728757951,-2.4819873304509414,-4.435821012363341,1.0780775250947396,0.7738834728757951,2.4819873304509414,1.4261999999999997,2.2409,0.8147000000000002,1183.94785683,0,0,0,0
TRN-0029,21.3349,46.1014,34.2588,5.2606,12.5252,12.1878,16.1059,63.5447,18.5534,Valid,-0.6009597950642149,0.39473453811701376,0.908355704338728,-0.5699847489101622,0.6009597950642149,0.39473453811701376,0.908355704338728,-0.3374000000000006,3.5806999999999984,3.918099999999999,983.56875886,0,0,0,0
TRN-0039,15.0679,82.3924,27.7559,53.5868,10.1403,19.8333,15.3618,57.5077,27.3712,Invalid,9.121052672230759,2.669552507315416,-9.42540129703241,-2.713813053008689,9.121052672230759,2.669552507315416,9.42540129703241,9.693000000000001,5.221500000000001,-4.471500000000001,1241.48044396,0,0,0,0
TRN-0033,20.2632,93.7754,33.5299,33.6812,15.3049,16.2077,18.5165,72.5603,37.2946,Valid,1.0254332841292193,-0.733929731311374,-1.7245284449980716,-0.10097362190577286,1.0254332841292193,0.733929731311374,1.7245284449980716,0.9027999999999992,3.2116000000000007,2.3088000000000015,1900.1896852800003,0,0,0,0
TRN-0833,9.3932,15.4321,32.6449,7.6237,5.4199,5.5241,7.3907,47.3802,12.4673,Valid,-1.0156280721132536,0.6256514338347827,0.5603344896921794,-4.0117447252868725,1.0156280721132536,0.6256514338347827,0.5603344896921794,0.10419999999999963,1.9707999999999997,1.8666,144.95680172000002,0,0,0,0
TRN-0390,19.3037,86.3268,39.0552,48.9097,14.7924,15.7134,17.9805,22.1999,33.9185,Valid,0.970264486646597,-0.6157205331833744,-1.6405293536544825,1.5746659156270226,0.970264486646597,0.6157205331833744,1.6405293536544825,0.9209999999999994,3.1880999999999986,2.2670999999999992,1666.4266491600001,0,0,0,0
TRN-0044,29.26,109.6202,29.7864,22.7548,20.2331,20.4709,24.7869,35.2815,52.5159,Valid,1.1159173678724912,-0.7928614337498452,-0.7995377059741529,0.4972473889580016,1.1159173678724912,0.7928614337498452,0.7995377059741529,0.2378,4.553799999999999,4.315999999999999,3207.487052,0,0,0,0
TRN-0452,19.0424,94.3785,41.6341,21.8384,14.7669,16.189,17.6107,47.4642,39.034,Valid,1.4677395089872398,-0.9529893128244318,-2.6068739256359628,1.1820834362390187,1.4677395089872398,0.9529893128244318,2.6068739256359628,1.4221000000000004,2.8438000000000017,1.4217000000000013,1797.1931484000002,0,0,0,0
TRN-0228,10.1831,25.6679,37.4147,15.7114,6.1981,6.7544,8.0825,60.7987,13.6425,Valid,-0.4789223861516936,0.34469986584717294,-0.2933036111623508,-3.6374379747189973,0.4789223861516936,0.34469986584717294,0.2933036111623508,0.5563000000000002,1.8843999999999994,1.3280999999999992,261.37879248999997,0,0,0,0
TRN-0432,10.4138,55.6913,32.6882,40.139,10.7131,2.667,10.4162,58.3703,15.8323,Invalid,-8.54591390546549,-2.9996358257373217,7.175873115526666,-4.847534431507892,8.54591390546549,2.9996358257373217,7.175873115526666,-8.046100000000001,-0.29690000000000083,7.7492,579.95805994,0,0,0,0
TRN-0898,26.7175,47.5673,35.3142,45.1466,16.3394,14.9931,21.1996,33.4623,21.6868,Valid,-1.0725865848751592,0.6263297521487381,2.482123305315781,2.3671152808199807,1.0725865848751592,0.6263297521487381,2.482123305315781,-1.3463000000000012,4.860199999999999,6.2065,1270.87933775,0,0,0,0
TRN-0204,24.7316,43.7365,37.4064,31.1994,14.6743,13.4906,19.0906,60.7113,20.4819,Valid,-1.1512037544100497,0.6450279828465213,2.25819128114523,1.6489507475729255,1.1512037544100497,0.6450279828465213,2.25819128114523,-1.1837,4.416299999999998,5.599999999999998,1081.6736234,0,0,0,0
TRN-0121,19.018,17.826,43.742,43.2296,1.7456,10.1924,14.6032,35.4098,18.3173,Invalid,6.957992007638006,12.407569939942293,1.9102735136052598,1.631766039943603,6.957992007638006,12.407569939942293,1.9102735136052598,8.4468,12.8576,4.4108,339.01486800000004,0,0,0,0
TRN-0902,28.3028,73.1395,45.6515,57.1996,18.1078,17.6794,23.3092,41.0806,32.6957,Valid,0.11281099183635135,0.46752429028007825,1.222494943344227,6.932894048127274,0.11281099183635135,0.46752429028007825,1.222494943344227,-0.4283999999999999,5.2014,5.6297999999999995,2070.0526406,0,0,0,0
TRN-0183,30.8671,51.742,18.0,17.4126,18.049,15.8019,23.282,26.729,21.0361,Valid,-1.7149707507153096,0.5158938459641895,3.5499619639859716,1.0797318760499977,1.7149707507153096,0.5158938459641895,3.5499619639859716,-2.2470999999999997,5.2330000000000005,7.4801,1597.1254882,0,0,0,0
TRN-0634,13.8956,58.478,45.3235,55.4579,10.3178,11.3468,12.8722,68.3149,19.5508,Valid,0.47927470556405005,-0.04417334060799227,-1.2698160286991982,-1.7206392873014273,0.47927470556405005,0.04417334060799227,1.2698160286991982,1.029,2.5543999999999993,1.5253999999999994,812.5868968,0,0,0,0
TRN-0378,21.3745,17.0531,38.5025,54.46,11.9475,10.3384,16.2741,42.3971,17.8967,Valid,-1.9493069253586626,1.2957115926135874,3.397889485520132,1.2760145459546592,1.9493069253586626,1.2957115926135874,3.397889485520132,-1.6090999999999998,4.326600000000001,5.935700000000001,364.50148595,0,0,0,0
TRN-0814,30.3615,58.1783,33.7793,29.3668,18.1696,16.7122,23.3428,41.7268,23.0081,Valid,-0.9066300214829575,0.4216884555203073,2.4690260957940957,1.80374615593918,0.9066300214829575,0.4216884555203073,2.4690260957940957,-1.4573999999999998,5.173200000000001,6.630600000000001,1766.38045545,0,0,0,0
TRN-0396,30.3569,41.0262,28.9521,19.2467,16.9297,14.9258,22.1304,37.034,20.9096,Valid,-1.642190712762213,0.8009230608947,3.4973501971910466,2.3741415887061876,1.642190712762213,0.8009230608947,3.4973501971910466,-2.0039,5.200700000000001,7.204600000000001,1245.42825078,0,0,0,0
TRN-0663,31.9783,109.3958,31.4348,44.0483,21.8455,21.4674,27.2844,44.6375,54.3652,Valid,0.7668495004640228,-0.3813068725729778,0.4489954100014444,2.594503088557211,0.7668495004640228,0.3813068725729778,0.4489954100014444,-0.3780999999999999,5.4389,5.817,3498.2917111399997,0,0,0,0
TRN-0193,8.8136,104.1247,23.7841,53.9583,10.6197,13.0278,11.8825,66.9895,39.5565,Valid,1.8964406687831517,-1.4152842628843114,-4.3691844714166805,-6.742405434662373,1.8964406687831517,1.4152842628843114,4.3691844714166805,2.4080999999999992,1.2628000000000004,-1.1452999999999989,917.71345592,0,0,0,0
TRN-0163,26.8467,50.4581,37.9266,8.6355,15.6853,14.5305,20.1717,54.5794,20.7763,Valid,-0.9770761682154525,0.43520032795634833,2.034565644104969,1.0287851102782284,0.9770761682154525,0.43520032795634833,2.034565644104969,-1.1547999999999998,4.4864000000000015,5.641200000000001,1354.63347327,0,0,0,0
TRN-0951,16.8647,40.1412,23.5961,19.1775,10.2588,9.7996,13.1537,53.8028,15.8285,Valid,-1.0163248028159728,0.31183485604470107,0.9539028063950177,-2.617051204749446,1.0163248028159728,0.31183485604470107,0.9539028063950177,-0.45920000000000094,2.8949,3.3541000000000007,676.9692956399999,0,0,0,0
TRN-0453,31.6677,82.2572,33.8737,25.2574,20.0473,19.1506,25.5127,65.8802,33.1281,Valid,-0.04870756458149472,0.17282694439015955,1.581353204572288,3.115993152808329,0.04870756458149472,0.17282694439015955,1.581353204572288,-0.8966999999999992,5.465399999999999,6.362099999999998,2604.8963324399997,0,0,0,0
TRN-0247,30.139,68.3414,19.0017,23.2784,18.2733,16.743,23.1979,36.1587,22.9371,Valid,-0.9634581191249687,0.1434710240250432,2.285498193583919,-1.0708968186687358,0.9634581191249687,0.1434710240250432,2.285498193583919,-1.5303000000000004,4.924600000000002,6.454900000000002,2059.7414545999995,0,0,0,0
TRN-0892,20.9863,19.4037,37.8768,46.298,11.6783,10.6496,15.2556,31.9236,17.6804,Valid,-1.4041985154591217,0.6183483130853062,1.988731726107206,0.8671415005214378,1.4041985154591217,0.6183483130853062,1.988731726107206,-1.0287000000000006,3.5772999999999993,4.606,407.21186931,0,0,0,0
TRN-0841,29.8949,91.0083,27.9446,15.6917,19.3979,18.9882,24.2031,42.8908,35.6834,Valid,0.3340118978214619,-0.29910363288206554,0.47535595338650083,0.2885444846045573,0.3340118978214619,0.29910363288206554,0.47535595338650083,-0.40970000000000084,4.805199999999999,5.2149,2720.68402767,0,0,0,0
TRN-0233,15.3672,38.6916,36.452,59.6472,6.9692,3.8644,12.7546,41.3043,17.8643,Invalid,-4.053962174803384,4.051209876390036,8.009514067440584,-0.4408268156545567,4.053962174803384,4.051209876390036,8.009514067440584,-3.1048,5.7854,8.8902,594.58155552,0,0,0,0
TRN-0896,16.8148,26.4401,32.9144,53.3421,10.6575,9.7959,13.985,46.5964,16.8823,Valid,-1.3684692748456992,0.6394419947269725,1.789848001564673,-0.45303015699794713,1.3684692748456992,0.6394419947269725,1.789848001564673,-0.861600000000001,3.327499999999999,4.1891,444.58499348000004,0,0,0,0
TRN-0572,9.7781,45.8148,36.6675,50.8468,7.8509,8.7594,9.9697,30.3101,16.5207,Valid,0.0604576236837584,0.16013382424957534,-0.9240680661921452,-2.565813368415146,0.0604576236837584,0.16013382424957534,0.9240680661921452,0.9084999999999992,2.1187999999999994,1.2103000000000002,447.98169588,0,0,0,0
TRN-0377,25.8767,71.6325,26.5204,14.8354,16.5446,15.9533,20.6098,49.2504,24.5441,Valid,-0.28714474278803515,-0.2262293704936731,0.6878590065162697,-0.6344278259758269,0.28714474278803515,0.2262293704936731,0.6878590065162697,-0.5912999999999986,4.065200000000001,4.656499999999999,1853.61271275,0,0,0,0
TRN-0402,20.3494,47.6153,20.0764,38.3104,14.6877,18.0815,16.1271,60.5635,17.3125,Invalid,3.4281962086612427,-2.335563062648127,-6.463812516654581,-2.0138370758717983,3.4281962086612427,2.335563062648127,6.463812516654581,3.393799999999999,1.4393999999999991,-1.9543999999999997,968.9427858199999,0,0,0,0
TRN-0692,21.0089,88.0631,36.4225,28.2623,24.9495,16.0915,18.8807,56.9598,33.5906,Invalid,-7.17209387370006,-12.821616862506165,-1.2145832521781763,0.16269110625790972,7.17209387370006,12.821616862506165,1.2145832521781763,-8.858,-6.0687999999999995,2.789200000000001,1850.10886159,0,0,0,0
TRN-0524,26.783,33.5773,29.6182,6.2275,14.7745,13.1842,19.3179,34.1612,18.9352,Valid,-1.5435803590449488,0.7445153028883844,2.8699593460170583,1.0701344824664112,1.5435803590449488,0.7445153028883844,2.8699593460170583,-1.5902999999999992,4.543400000000002,6.133700000000001,899.3008259000001,0,0,0,0
TRN-0686,17.2166,40.7619,36.5746,56.3485,10.9047,10.5972,13.8475,47.2079,17.7028,Valid,-0.7829125291063832,0.18941584074787343,0.6464095830435461,-0.8054595991386577,0.7829125291063832,0.18941584074787343,0.6464095830435461,-0.3074999999999992,2.9428,3.2502999999999993,701.7813275399999,0,0,0,0
TRN-0479,19.153,39.1288,27.4245,59.066,14.4508,18.5147,15.8739,49.9218,18.1799,Invalid,4.064805237867379,-2.286684622597827,-7.260183286479931,-0.16672614283366016,4.064805237867379,2.286684622597827,7.260183286479931,4.063900000000002,1.4231000000000016,-2.6408000000000005,749.4339064,0,0,0,0
TRN-0731,13.9035,89.1543,36.5661,28.288,11.6396,13.7202,13.5417,53.827,31.8838,Valid,1.700050197444554,-1.0465272052944758,-3.578797217340762,-2.2537856486092878,1.700050197444554,1.0465272052944758,3.578797217340762,2.0806000000000004,1.9021000000000008,-0.17849999999999966,1239.55681005,0,0,0,0
TRN-0099,20.2736,98.1302,26.7456,46.5455,15.4839,16.3896,19.0144,42.5996,38.4013,Valid,1.0541893583089834,-0.46470178898323766,-1.4547735145039056,-2.4581990631475605,1.0541893583089834,0.46470178898323766,1.4547735145039056,0.9057000000000013,3.530499999999998,2.624799999999997,1989.45242272,0,0,0,0
TRN-0817,10.3326,92.2829,31.1727,49.2921,10.5226,12.7387,12.1273,45.9361,32.0033,Valid,1.6921604646114563,-1.047782669102654,-3.761599562571474,-4.294359149790402,1.6921604646114563,1.047782669102654,3.761599562571474,2.216099999999999,1.6046999999999993,-0.6113999999999997,953.52229254,0,0,0,0
TRN-0277,27.884,80.7621,35.9598,51.4908,18.1225,17.7811,22.8208,31.7943,32.0756,Valid,0.2020834410526895,-0.039769648264755375,0.6065668264893631,2.8495114266773847,0.2020834410526895,0.039769648264755375,0.6065668264893631,-0.34140000000000015,4.6983,5.0397,2251.9703964,0,0,0,0
TRN-0493,20.1257,27.8475,37.8216,40.1598,11.5988,10.7917,15.3087,48.7406,18.2107,Valid,-1.192969145573496,0.7721528674159703,1.8634558281035343,0.7743254221669567,1.192969145573496,0.7721528674159703,1.8634558281035343,-0.8071000000000002,3.7098999999999993,4.5169999999999995,560.45043075,0,0,0,0
TRN-0726,20.0636,36.2696,21.0752,16.9709,11.9,10.664,15.1836,52.3788,16.4284,Valid,-1.5824537074691243,0.2654198396997227,1.8986554590818443,-1.658831263335717,1.5824537074691243,0.2654198396997227,1.8986554590818443,-1.2360000000000007,3.2836,4.5196000000000005,727.69874656,0,0,0,0
TRN-0330,26.031,19.3516,38.3725,38.5153,13.8593,12.1453,18.3326,50.1899,19.5005,Valid,-1.79580297541205,0.9255523543456405,3.188393710337831,2.6913688007220458,1.79580297541205,0.9255523543456405,3.188393710337831,-1.7139999999999986,4.4733,6.187299999999999,503.7414996,0,0,0,0
TRN-0117,23.1148,32.8453,34.0878,15.1929,13.1449,11.8919,17.2516,51.8169,18.1669,Valid,-1.432957377450105,0.753318810139465,2.425420789963656,0.35932070508976466,1.432957377450105,0.753318810139465,2.425420789963656,-1.2530000000000001,4.1067,5.3597,759.21254044,0,0,0,0
TRN-0840,8.9498,57.5485,34.0731,6.2441,7.4276,8.9841,9.0359,49.734,15.7433,Valid,0.659548863087629,-0.24231798395860515,-2.140008711218849,-5.322850226941176,0.659548863087629,0.24231798395860515,2.140008711218849,1.5564999999999998,1.6082999999999998,0.05180000000000007,515.0475653,0,0,0,0
TRN-0640,11.8036,103.8967,40.1589,32.5814,14.9657,18.8878,13.5683,61.162,44.2449,Invalid,3.9960643256050172,-5.249054670679332,-10.03356892597289,-1.8322289386520225,3.9960643256050172,5.249054670679332,10.03356892597289,3.9220999999999986,-1.3973999999999993,-5.319499999999998,1226.35508812,0,0,0,0
TRN-0576,9.2718,33.9917,26.1932,21.3669,6.3612,6.8259,8.2625,60.8207,12.9188,Valid,-0.5525040813796718,0.3206043441589337,-0.20310938027682113,-4.979308561776966,0.5525040813796718,0.3206043441589337,0.20310938027682113,0.46469999999999967,1.901299999999999,1.4365999999999994,315.16424406000004,0,0,0,0
TRN-0815,19.7839,44.4744,35.2429,41.0408,12.316,11.8512,16.0196,42.8264,18.7609,Valid,-0.7562593575267691,0.5739024862879827,1.244502036385386,-0.15937814533737438,0.7562593575267691,0.5739024862879827,1.244502036385386,-0.4648000000000003,3.7036,4.1684,879.87708216,0,0,0,0
TRN-0048,14.4827,83.324,29.2952,44.22,12.0149,13.4732,14.4046,38.866,27.2094,Valid,1.1269713622522897,-0.6592318482682629,-2.405975823293767,-3.386343068737226,1.1269713622522897,0.6592318482682629,2.405975823293767,1.4582999999999995,2.3896999999999995,0.9314,1206.7564948,0,0,0,0
TRN-0783,21.1949,108.7053,26.2056,47.5161,16.633,17.8845,20.0756,,48.7174,Valid,1.568817948612736,-0.8736630202375828,-2.2682910312186344,-2.29814861108143,1.568817948612736,0.8736630202375828,2.2682910312186344,1.2515,3.4426000000000023,2.1911000000000023,2303.99796297,0,0,0,1
TRN-0632,31.9735,69.2267,37.9105,34.68,19.336,18.1544,24.6004,45.4908,29.468,Valid,-0.4477459378426296,0.17797882544827814,1.9180788478838409,5.158940373554422,0.4477459378426296,0.17797882544827814,1.9180788478838409,-1.1815999999999995,5.264400000000002,6.4460000000000015,2213.4198924499997,0,0,0,0
TRN-0766,23.4755,92.6999,25.5168,7.1791,16.4879,16.7331,19.9848,48.9082,34.1003,Valid,0.5409280037601363,-0.778612799856468,-0.9151857144808311,-2.499647699958956,0.5409280037601363,0.778612799856468,0.9151857144808311,0.24520000000000053,3.4969,3.2516999999999996,2176.17650245,0,0,0,0
TRN-0241,17.2696,76.3134,34.1474,6.8534,12.628,13.5151,15.3496,45.6354,25.6781,Valid,0.6373097064689865,-0.49206129613934557,-1.5135503429222634,-1.420391479246483,0.6373097064689865,0.49206129613934557,1.5135503429222634,0.8871000000000002,2.7216000000000005,1.8345000000000002,1317.9018926400001,0,0,0,0
TRN-0810,23.8527,97.2547,35.4709,33.6235,17.4008,17.9167,21.4636,64.1445,41.3538,Valid,0.9487679169843162,-0.4700990458142478,-0.9206676317238731,1.2226092349167317,0.9487679169843162,0.4700990458142478,0.9206676317238731,0.5158999999999985,4.062799999999999,3.546900000000001,2319.78718269,0,0,0,0
TRN-0301,31.3955,107.7199,28.1927,21.7747,19.3311,28.0601,26.6706,41.9273,51.0155,Invalid,9.46207432653246,2.25449393023894,-8.423076230323069,1.0572854882990157,9.46207432653246,2.25449393023894,8.423076230323069,8.729,7.339500000000001,-1.3894999999999982,3381.9201204499996,0,0,0,0
TRN-0984,28.7539,86.5251,31.709,38.5884,19.0654,18.6212,23.9913,43.3456,34.1487,Valid,0.2467275534385891,-0.08247585401620228,0.7236863773426165,1.6838203906199425,0.2467275534385891,0.08247585401620228,0.7236863773426165,-0.4441999999999986,4.925899999999999,5.370099999999997,2487.93407289,0,0,0,0
TRN-0054,30.4531,88.0644,32.0545,34.9604,19.8072,19.2231,24.8046,80.5923,35.5919,Valid,0.2251540735724724,-0.22542402679839668,0.7823607244082069,2.163158787446939,0.2251540735724724,0.22542402679839668,0.7823607244082069,-0.584100000000003,4.997399999999999,5.581500000000002,2681.83397964,0,0,0,0
TRN-0866,10.0427,38.7344,30.3281,48.4402,0.0,7.9897,9.259,30.3878,14.4958,Invalid,6.343227596944753,9.220656837002185,-0.6682355603903396,-3.813358086551201,6.343227596944753,9.220656837002185,0.6682355603903396,7.9897,9.259,1.2693000000000003,388.99795888,0,0,0,0
TRN-0180,16.0409,26.3495,35.8273,56.5978,9.5647,9.0462,12.8008,33.9355,16.4986,Valid,-1.1617014508106394,0.8347298747162952,1.5469181819758049,-0.8302340108402468,1.1617014508106394,0.8347298747162952,1.5469181819758049,-0.5184999999999995,3.2361000000000004,3.7546,422.66969455,0,0,0,0
TRN-0832,26.5757,84.5292,46.3478,32.8302,17.8573,17.963,22.2743,74.1483,37.7818,Valid,0.6083104091077054,-0.24550285353566892,-0.1680243267476449,6.5033571281220866,0.6083104091077054,0.24550285353566892,0.1680243267476449,0.10570000000000235,4.417000000000002,4.311299999999999,2246.42266044,0,0,0,0
TRN-0979,9.6624,74.2431,42.9247,42.6739,9.1369,11.4155,10.8367,67.7177,25.671,Valid,1.5832407212699966,-0.5902729961784612,-3.391545511356526,-0.5397722231077857,1.5832407212699966,0.5902729961784612,3.391545511356526,2.278599999999999,1.6997999999999998,-0.5787999999999993,717.36652944,0,0,0,0
TRN-0070,27.0056,63.4253,35.9462,35.4084,16.9847,16.1667,21.572,53.3195,27.8043,Valid,-0.44802573297352666,0.17201413960289713,1.3823959883869783,5.294906406242244,0.44802573297352666,0.17201413960289713,1.3823959883869783,-0.8180000000000014,4.587299999999999,5.4053,1712.8382816800001,0,0,0,0
TRN-0169,15.1614,82.0274,25.1007,7.2104,11.8337,13.0679,14.1548,62.8403,24.6253,Valid,0.8790411609285993,-0.6793529440376336,-2.147203791265797,-5.263588627606914,0.8790411609285993,0.6793529440376336,2.147203791265797,1.2341999999999995,2.3210999999999995,1.0869,1243.65022236,0,0,0,0
TRN-0599,19.5873,19.6865,35.3793,12.1957,10.6163,9.7921,14.0789,51.5171,16.4383,Valid,-1.3362899217883122,0.7854126453111974,1.8885187452342205,-0.39726252464901535,1.3362899217883122,0.7854126453111974,1.8885187452342205,-0.8242000000000012,3.4626,4.286800000000001,385.60538145,0,0,0,0
TRN-0998,21.6903,73.4161,34.7918,25.7828,14.9436,15.1886,18.7858,31.6359,26.9214,Valid,0.31580826298340803,-0.003349852527577468,-0.1769238220400915,1.0479338182258289,0.31580826298340803,0.003349852527577468,0.1769238220400915,0.24499999999999922,3.8421999999999983,3.597199999999999,1592.41723383,0,0,0,0
TRN-0016,19.1531,67.5403,44.1923,16.6557,12.8284,13.5424,15.9988,42.3271,27.0879,Valid,0.4911654354191164,-0.09733915426869899,-0.8986051622527285,3.3438498721010816,0.4911654354191164,0.09733915426869899,0.8986051622527285,0.7140000000000004,3.170399999999999,2.4563999999999986,1293.60611993,0,0,0,0
TRN-0314,17.1067,61.6249,24.8072,10.2851,11.5329,11.9072,14.219,51.8342,17.309,Valid,-0.02014782325966813,-0.2340837667054494,-0.6263816617705356,-4.7204156765357475,0.02014782325966813,0.2340837667054494,0.6263816617705356,0.37429999999999986,2.6860999999999997,2.3118,1054.1986768299998,0,0,0,0
TRN-0628,17.3905,47.9269,26.7059,58.6967,11.6212,11.3781,15.0085,44.1,17.744,Valid,-0.6260494900768787,0.44358008529922976,0.8271973572933131,-1.625878554552898,0.6260494900768787,0.44358008529922976,0.8271973572933131,-0.2431000000000001,3.3872999999999998,3.6304,833.47275445,0,0,0,0
TRN-0586,9.8497,48.8292,49.9941,41.9037,8.1285,9.5477,10.1542,69.9002,21.5495,Valid,0.603594582388796,-0.004103203895526875,-1.7293413955357675,2.0499836465167824,0.603594582388796,0.004103203895526875,1.7293413955357675,1.4192,2.0256999999999987,0.6064999999999987,480.95297124,0,0,0,0
TRN-0145,29.3082,105.8771,43.4125,9.8873,19.8704,20.2378,24.6602,46.3785,52.9031,Valid,1.1868300911033174,-0.4513675863114024,-0.6340539792205107,4.858983382646706,1.1868300911033174,0.4513675863114024,0.6340539792205107,0.36739999999999995,4.7898,4.4224,3103.06722222,0,0,0,0
TRN-0370,27.8564,48.3216,33.5844,18.1832,16.3613,14.9818,20.9924,31.3304,21.3731,Valid,-1.1025451560138713,0.39109250379328486,2.289098934836698,1.9471702834934703,1.1025451560138713,0.39109250379328486,2.289098934836698,-1.3795000000000002,4.6311,6.0106,1346.06581824,0,0,0,0
TRN-0122,31.8857,49.6381,38.1437,28.7934,18.1299,16.4775,23.5738,47.1112,23.0595,Valid,-1.1077723001390574,0.703718882810243,2.994381596671964,3.439132918545077,1.1077723001390574,0.703718882810243,2.994381596671964,-1.6524,5.443899999999999,7.096299999999999,1582.74556517,0,0,0,0
TRN-0374,23.1221,109.7203,46.3794,39.7795,17.8087,19.0765,21.4412,50.6761,57.1092,Valid,1.7629485242469514,-1.0161765131459681,-2.397247389030408,4.979535205961291,1.7629485242469514,1.0161765131459681,2.397247389030408,1.2677999999999976,3.6324999999999967,2.364699999999999,2536.96374863,0,0,0,0
TRN-0878,13.9113,105.5919,33.6955,36.2678,10.5031,20.7532,15.6068,41.2921,45.3496,Invalid,9.723698543580491,2.456355481595063,-10.33347842441863,-2.405550462781143,9.723698543580491,2.456355481595063,10.33347842441863,10.2501,5.1037,-5.1464,1468.92059847,0,0,0,0
TRN-0847,10.5879,24.4649,37.1274,49.8712,6.8628,7.1306,8.9615,28.1238,14.8242,Valid,-0.6933689717921814,0.39144795394310705,0.11319067772630831,-2.3691095934139756,0.6933689717921814,0.39144795394310705,0.11319067772630831,0.26780000000000026,2.098699999999999,1.8308999999999989,259.03191470999997,0,0,0,0
TRN-0540,31.2972,94.3311,29.0551,52.1742,20.9992,20.3502,26.3378,36.4869,39.5278,Valid,0.3546890862952168,-0.23212730240867074,0.9026547776994178,1.7120163873226062,0.3546890862952168,0.23212730240867074,0.9026547776994178,-0.6489999999999974,5.338600000000003,5.9876000000000005,2952.29930292,0,0,0,0
TRN-0808,9.5961,62.7447,45.4544,7.0814,,10.0403,9.9205,53.4667,23.8244,Invalid,,,-2.581480430172345,1.5005772996339388,,,2.581480430172345,,,-0.11979999999999968,602.10441567,1,0,0,0
TRN-0886,9.5103,41.0171,26.1524,39.0628,7.2008,7.5552,8.7786,40.1126,14.0527,Valid,-0.5684811912503731,-0.21513828762025966,-0.6029732144055622,-4.481816904847323,0.5684811912503731,0.21513828762025966,0.6029732144055622,0.35440000000000005,1.5778000000000008,1.2234000000000007,390.08492613000004,0,0,0,0
TRN-0510,27.9197,27.1864,27.2906,49.5003,15.25,13.1347,20.14,44.8598,19.6898,Valid,-2.0005729436266257,0.959686465800754,3.7541731764720865,2.3009406448473335,2.0005729436266257,0.959686465800754,3.7541731764720865,-2.1152999999999995,4.890000000000001,7.0053,759.0361320799999,0,0,0,0
TRN-0418,11.9313,52.7544,42.8991,27.5887,8.9263,9.9342,11.1392,55.1761,17.4674,Valid,0.28711470874579703,-0.022575794102943192,-1.2295801077110298,-2.6624298448661783,0.28711470874579703,0.022575794102943192,1.2295801077110298,1.0079000000000011,2.212900000000001,1.205,629.4285727199999,0,0,0,0
TRN-0850,13.3815,37.7292,31.756,45.366,9.0567,9.3006,11.7747,78.4565,16.029,Valid,-0.46116141945267586,0.448733530306642,0.20139970542978247,-2.187207899694922,0.46116141945267586,0.448733530306642,0.20139970542978247,0.2439,2.718,2.4741,504.8732898,0,0,0,0
TRN-0532,26.879,60.1489,22.0906,13.677,16.0546,14.7739,20.373,64.638,20.069,Valid,-1.0489771748982548,0.16421672657439146,1.9305097209387156,-1.5924764128073683,1.0489771748982548,0.16421672657439146,1.9305097209387156,-1.2807000000000013,4.3184000000000005,5.599100000000002,1616.7422831000001,0,0,0,0
TRN-0361,27.8914,24.7733,29.776,10.3938,14.7921,12.5916,19.7028,52.313,18.6118,Valid,-2.1512781742385734,1.1069621978989943,3.9984988718069854,1.396220727704776,2.1512781742385734,1.1069621978989943,3.9984988718069854,-2.2005,4.9107,7.1112,690.96201962,0,0,0,0
TRN-0161,16.1451,82.5904,26.857,31.5841,12.7468,13.7874,15.18,73.8668,26.1738,Valid,0.8067713836261028,-0.8125055239751262,-2.024813923590642,-4.0185370149904145,0.8067713836261028,0.8125055239751262,2.024813923590642,1.0405999999999995,2.4331999999999994,1.3925999999999998,1333.43026704,0,0,0,0
TRN-0110,24.5955,66.6176,38.2375,53.1687,16.1615,15.8666,20.7128,41.1122,27.8569,Valid,-0.0474514016960228,0.36723340684726224,0.8996073976444912,4.407082069165654,0.0474514016960228,0.36723340684726224,0.8996073976444912,-0.29490000000000016,4.551300000000001,4.846200000000001,1638.4931808,0,0,0,0
TRN-0175,12.5344,101.6442,32.2129,53.5995,12.1063,14.2966,14.2216,,40.8855,Valid,1.8710381074972204,-0.9581210702699128,-3.6220860816199316,-3.0648691685171556,1.8710381074972204,0.9581210702699128,3.6220860816199316,2.1903000000000006,2.1153000000000013,-0.07499999999999929,1274.04906048,0,0,0,1
TRN-0616,20.4904,26.5967,26.2294,14.7813,11.3379,9.9378,14.7259,55.1477,16.6078,Valid,-1.8198375638488482,0.5197137716690943,2.3526003366942856,-0.738758598485127,1.8198375638488482,0.5197137716690943,2.3526003366942856,-1.4001000000000001,3.388,4.7881,544.97702168,0,0,0,0
TRN-0119,15.6102,75.703,26.1544,13.7047,11.7033,12.5963,13.9901,50.7214,22.7052,Valid,0.5207675577596103,-0.6788235327108811,-1.7200993057250908,-4.12502308718453,0.5207675577596103,0.6788235327108811,1.7200993057250908,0.8929999999999989,2.2867999999999995,1.3938000000000006,1181.7389706000001,0,0,0,0
TRN-0635,28.8943,84.908,34.2153,18.1794,18.634,18.1477,23.4368,56.8268,33.4142,Valid,0.13675700174459848,-0.08158761886983257,0.7628798741109257,1.915986139501971,0.13675700174459848,0.08158761886983257,0.7628798741109257,-0.48629999999999995,4.802800000000001,5.289100000000001,2453.3572244,0,0,0,0
TRN-0278,15.1906,103.8022,32.8666,43.5159,13.434,15.3229,15.801,70.573,43.6644,Valid,1.7484341365278802,-1.0648601385475818,-3.3301937636115984,-2.3211621872270527,1.7484341365278802,1.0648601385475818,3.3301937636115984,1.8889000000000014,2.367000000000001,0.4780999999999995,1576.81769932,0,0,0,0
TRN-0225,27.9293,38.0633,39.1615,20.9747,18.3877,21.4138,20.7639,64.6651,21.316,Invalid,3.6107186175936015,-2.4376381860713536,-6.004329596329878,3.0692915920207007,3.6107186175936015,2.4376381860713536,6.004329596329878,3.0260999999999996,2.3762000000000008,-0.6498999999999988,1063.08132469,0,0,0,0
TRN-0959,29.2834,96.4813,26.6221,29.2271,19.7453,19.3891,24.716,44.6016,39.9414,Valid,0.4431018043698671,-0.2341688936428703,0.4856520162565623,0.440050636054508,0.4431018043698671,0.2341688936428703,0.4856520162565623,-0.3562000000000012,4.970700000000001,5.326900000000002,2825.3005004200004,0,0,0,0
TRN-0349,26.5322,71.4206,39.4889,58.2879,23.7994,17.0447,22.0266,49.1332,29.6685,Invalid,-5.2734181075356545,-8.176841436007653,0.7358297822782767,4.569639270393431,5.2734181075356545,8.176841436007653,0.7358297822782767,-6.7547,-1.7728000000000002,4.9818999999999996,1894.9456433199998,0,0,0,0
TRN-0159,11.4085,75.1307,29.9009,40.9165,9.9183,11.561,11.6384,20.9754,22.5737,Valid,1.0431247663172307,-0.7736595489218718,-2.7724683359455167,-4.009994236849391,1.0431247663172307,0.7736595489218718,2.7724683359455167,1.6426999999999996,1.7201000000000004,0.0774000000000008,857.1285909500001,0,0,0,0
TRN-0032,9.6771,40.9333,42.7255,56.3017,7.5451,8.5237,9.7694,29.2837,16.8355,Valid,0.09515803778692877,0.34374143480449604,-0.8284052411159983,-1.690363716523553,0.09515803778692877,0.34374143480449604,0.8284052411159983,0.9786000000000001,2.2242999999999995,1.2456999999999994,396.11563743,0,0,0,0
TRN-0344,9.1303,20.5699,37.6841,25.2845,5.7455,6.2235,7.4901,51.5441,13.3281,Valid,-0.6067035707271371,0.31826213669245274,-0.21884995096732496,-3.5761201884294813,0.6067035707271371,0.31826213669245274,0.21884995096732496,0.47799999999999976,1.7446000000000002,1.2666000000000004,187.80935797,0,0,0,0
TRN-0391,14.6069,39.0401,34.8904,19.468,9.4995,9.5566,11.9096,63.8012,16.4488,Valid,-0.5940947631567131,0.025726318118101332,0.014884615112935151,-1.8893488238305878,0.5940947631567131,0.025726318118101332,0.014884615112935151,0.05710000000000015,2.4101,2.3529999999999998,570.25483669,0,0,0,0
TRN-0651,16.53,103.9792,43.4328,46.9103,14.2198,16.2414,17.0286,37.4711,46.9167,Valid,1.9900497926801393,-0.8375844727171788,-3.254696583611466,0.759462433414889,1.9900497926801393,0.8375844727171788,3.254696583611466,2.0215999999999994,2.8088000000000015,0.7872000000000021,1718.7761760000003,0,0,0,0
TRN-0538,31.3956,65.9954,44.7277,20.6592,18.6968,17.6704,24.1282,24.3526,31.1325,Valid,-0.3935060485434221,0.5289962969003312,2.0527807112465233,7.875292871033491,0.3935060485434221,0.5289962969003312,2.0527807112465233,-1.0263999999999989,5.4314,6.457799999999999,2071.9651802400003,0,0,0,0
TRN-0264,8.8333,97.192,40.8705,59.4113,10.141,12.7958,11.5139,62.4186,38.2856,Valid,2.082940077773479,-1.179231191766494,-4.446654280771519,-1.7940583818889593,2.082940077773479,1.179231191766494,4.446654280771519,2.6548,1.3728999999999996,-1.2819000000000003,858.5260935999999,0,0,0,0
TRN-0804,25.5109,94.6061,39.9882,26.6325,17.7896,18.352,22.0215,48.7888,41.155,Valid,1.0546183826165745,-0.4113445590460536,-0.9085849290538697,3.1289468478417817,1.0546183826165745,0.4113445590460536,0.9085849290538697,0.5624000000000002,4.2318999999999996,3.6694999999999993,2413.48675649,0,0,0,0
TRN-0875,11.8252,52.265,18.0,26.9784,8.6729,9.2711,10.5035,55.0555,14.5475,Valid,-0.15295948031736728,-0.3393514987601627,-1.0327614342061615,-5.497488378201549,0.15295948031736728,0.3393514987601627,1.0327614342061615,0.5982000000000003,1.8306000000000004,1.2324000000000002,618.044078,0,0,0,0
TRN-0179,13.3176,109.6532,40.8517,50.3689,12.994,15.6239,15.2389,55.4972,51.3991,Valid,2.4294531843581737,-1.0676131752829523,-4.269864835314573,-0.6561224315805276,2.4294531843581737,1.0676131752829523,4.269864835314573,2.629900000000001,2.2448999999999995,-0.38500000000000156,1460.31745632,0,0,0,0
TRN-0664,27.1883,36.0978,23.5129,49.3863,15.2966,13.4176,19.7864,44.9089,19.4155,Valid,-1.7575627315991529,0.5465712685244277,3.0455894436824025,1.3430198598352767,1.7575627315991529,0.5465712685244277,3.0455894436824025,-1.8789999999999996,4.489800000000001,6.3688,981.43781574,0,0,0,0
TRN-0848,23.3547,85.3049,34.0201,57.2993,16.2814,16.6584,20.1503,56.7314,32.1656,Valid,0.642137445525492,-0.34872299464866785,-0.6560000618880863,0.4344177649809424,0.642137445525492,0.34872299464866785,0.6560000618880863,0.3769999999999989,3.8689,3.491900000000001,1992.2703480300002,0,0,0,0
TRN-0319,20.7606,77.2405,28.7917,13.6383,14.1857,14.6874,17.3806,53.6133,25.6472,Valid,0.4653755979812164,-0.4421383683667166,-0.9533735321496728,-1.8694170225979043,0.4653755979812164,0.4421383683667166,0.9533735321496728,0.5016999999999996,3.1949000000000005,2.693200000000001,1603.5591243,0,0,0,0
TRN-0897,11.6323,73.824,34.9155,48.3119,10.4622,11.8497,12.5183,54.2381,24.3359,Valid,0.8559394259148227,-0.58047111977241,-2.254915356432731,-1.702722004954225,0.8559394259148227,0.58047111977241,2.254915356432731,1.387500000000001,2.0561000000000007,0.6685999999999996,858.7429152000001,0,0,0,0
TRN-0617,15.1971,52.9502,39.526,51.7112,11.2222,11.7197,14.243,74.3364,19.2716,Valid,0.06282418446582483,0.18325475308608574,-0.36705445710930995,-0.8926998925288174,0.06282418446582483,0.18325475308608574,0.36705445710930995,0.4974999999999987,3.0207999999999995,2.5233000000000008,804.6894844200001,0,0,0,0
TRN-0066,25.2849,50.1209,35.0471,10.259,14.9101,14.074,19.4972,36.2356,20.1216,Valid,-0.7700723426105451,0.7508013859264224,1.9327949130262176,0.4269466580882266,0.7700723426105451,0.7508013859264224,1.9327949130262176,-0.8361000000000001,4.5870999999999995,5.4232,1267.30194441,0,0,0,0
TRN-0329,15.2564,63.7462,31.7923,10.5219,10.7028,11.4641,13.1068,58.1291,21.3423,Valid,0.2601782051078221,-0.2960160638956548,-1.1824457437745224,-1.2563634959206667,0.2601782051078221,0.2960160638956548,1.1824457437745224,0.7613000000000003,2.404,1.6426999999999996,972.5375256799999,0,0,0,0
TRN-0512,13.4272,55.4707,35.9373,17.5331,9.7561,10.4939,12.1206,55.9888,20.0655,Invalid,0.1181551093927169,-0.08683503270759729,-0.9508161420236227,-0.570492206404797,0.1181551093927169,0.08683503270759729,0.9508161420236227,0.7378,2.3644999999999996,1.6266999999999996,744.8161830399999,0,0,0,0
TRN-0559,26.2772,84.5838,38.358,28.6853,17.5264,17.5087,21.6766,74.9606,34.3654,Valid,0.4342791957055532,-0.41829822868579214,-0.19604905884622426,3.05543385236766,0.4342791957055532,0.41829822868579214,0.19604905884622426,-0.01769999999999783,4.150200000000002,4.1678999999999995,2222.62542936,0,0,0,0
TRN-0843,23.3537,79.7753,25.0997,53.661,16.2534,16.1519,19.9649,35.1917,27.2341,Valid,0.15950180993487884,-0.49828294675072726,-0.20614096762725964,-1.4931854033368595,0.15950180993487884,0.49828294675072726,0.20614096762725964,-0.10149999999999793,3.711500000000001,3.812999999999999,1863.04842361,0,0,0,0
TRN-0080,29.3998,97.6878,34.4117,41.896,19.8876,19.9085,24.822,54.2529,43.3474,Valid,0.8431020907973554,-0.31176180424319355,-0.05946904785967888,2.8579680348794696,0.8431020907973554,0.31176180424319355,0.05946904785967888,0.02090000000000103,4.9344,4.913499999999999,2872.0017824399997,0,0,0,0
TRN-0401,26.451,76.411,34.296,47.7037,17.666,17.209,13.7836,54.1006,30.3139,Invalid,0.016289708325825103,-8.490518571633523,-7.713215143769133,3.171999372565505,0.016289708325825103,8.490518571633523,7.713215143769133,-0.45700000000000074,-3.8824000000000005,-3.4254,2021.147361,0,0,0,0
TRN-0384,16.7072,31.9859,25.408,37.7306,10.1169,9.5467,13.0626,50.9706,15.7683,Valid,-1.1450681192118228,0.39989249637149094,1.1803141098182373,-1.973087306598945,1.1450681192118228,0.39989249637149094,1.1803141098182373,-0.5701999999999998,2.9457000000000004,3.5159000000000002,534.39482848,0,0,0,0
TRN-0047,29.1083,58.7199,37.1572,10.9987,17.5282,16.4304,22.4226,49.4021,23.1457,Valid,-0.6455464891703286,0.32539126304209987,1.902254615477041,1.8194852802707757,0.6455464891703286,0.32539126304209987,1.902254615477041,-1.0977999999999994,4.894400000000001,5.9922,1709.23646517,0,0,0,0
TRN-0938,26.2329,96.5506,33.0648,48.832,18.6651,18.7209,22.8946,34.729,41.4065,Valid,0.6837266474880082,-0.6638081829146536,-0.4980161417850262,1.849228033963108,0.6837266474880082,0.6638081829146536,0.4980161417850262,0.055800000000001404,4.229500000000002,4.1737,2532.80223474,0,0,0,0
TRN-0724,16.1649,103.2809,29.1169,27.8213,14.339,15.9315,17.0601,64.6338,42.3237,Valid,1.5776725283796864,-0.9579809344181385,-2.8344972406297764,-3.1604560156318655,1.5776725283796864,0.9579809344181385,2.8344972406297764,1.5924999999999994,2.721099999999998,1.1285999999999987,1669.52542041,0,0,0,0
TRN-0089,31.414,88.8354,24.8395,59.5524,28.5205,19.4702,25.3351,33.2402,34.707,Invalid,-6.697627061420363,-11.045326123427952,1.003081516929278,0.7791112460882559,6.697627061420363,11.045326123427952,1.003081516929278,-9.0503,-3.185399999999998,5.864900000000002,2790.6752556,0,0,0,0
TRN-0114,24.4427,39.5791,50.9417,13.3518,14.191,13.5804,18.7265,56.7296,26.4238,Valid,-0.6461826562248838,0.8970092302312977,1.7814143705779024,8.03367235985272,0.6461826562248838,0.8970092302312977,1.7814143705779024,-0.6106000000000016,4.535500000000001,5.146100000000002,967.4200675699999,0,0,0,0
TRN-0748,25.3016,95.0191,43.6434,59.1909,18.1013,18.3361,22.5789,47.7604,42.7271,Valid,0.7750064241636245,-0.25442144473622363,-0.33124874342020405,4.382357314333333,0.7750064241636245,0.25442144473622363,0.33124874342020405,0.2347999999999999,4.4776000000000025,4.242800000000003,2404.13526056,0,0,0,0
TRN-0459,13.0534,103.6735,32.3023,13.9118,12.2147,14.3912,14.2445,41.7232,41.8715,Valid,1.871589578032692,-1.0726962436028824,-3.7178714047300385,-3.989689796243745,1.871589578032692,1.0726962436028824,3.7178714047300385,2.176499999999999,2.0298,-0.14669999999999916,1353.2916649000001,0,0,0,0
TRN-0223,28.7214,66.8864,52.6266,35.0011,18.1509,17.5824,23.3627,63.4231,40.5369,Valid,-0.02062396771707853,0.4656260210211727,1.3976312458770614,17.002434570847583,0.02062396771707853,0.4656260210211727,1.3976312458770614,-0.5685000000000002,5.2118,5.7803,1921.0710489599999,0,0,0,0
TRN-0851,19.5142,22.8595,42.4082,21.103,11.1408,10.0973,14.9382,77.6634,17.5099,Valid,-1.4886556273543423,0.9814593644271081,2.36466136558305,0.4336350075407438,1.4886556273543423,0.9814593644271081,2.36466136558305,-1.0434999999999999,3.7973999999999997,4.8408999999999995,446.0848549,0,0,0,0
TRN-0582,26.0201,21.9729,49.4476,50.2003,14.1856,12.9194,19.0732,59.4491,24.3289,Valid,-1.3025383962160735,1.2505890346588266,2.957542338400689,7.318387196715971,1.3025383962160735,1.2505890346588266,2.957542338400689,-1.2662000000000013,4.887599999999999,6.1538,571.73705529,0,0,0,0
TRN-0007,29.2042,18.0618,43.0245,8.0414,15.1344,12.9107,20.4836,61.0351,20.2753,Valid,-2.1255839333303967,1.4508981314059604,4.378859715223271,3.570295856623627,2.1255839333303967,1.4508981314059604,4.378859715223271,-2.223699999999999,5.3492,7.572899999999999,527.4804195600001,0,0,0,0
TRN-0947,31.0368,95.4489,32.3525,9.5897,20.0135,19.7332,24.8781,55.2816,40.6902,Valid,0.5622260599284026,-0.41814415772834934,0.2163817635032892,2.0100831917354327,0.5622260599284026,0.41814415772834934,0.2163817635032892,-0.28030000000000044,4.864599999999999,5.1449,2962.42841952,0,0,0,0
TRN-0556,31.1222,48.7828,21.2304,44.2287,18.461,16.124,23.7059,52.5012,21.8063,Valid,-1.740965577225385,0.4100841693630102,3.5698529910201415,2.313581363453853,1.740965577225385,0.4100841693630102,3.5698529910201415,-2.3369999999999997,5.244900000000001,7.581900000000001,1518.22805816,0,0,0,0
TRN-0006,18.8185,104.2809,38.6618,41.1927,15.2872,16.8364,18.3224,27.0816,46.7583,Valid,1.6692830546376403,-0.9054230184830381,-2.707138573052223,0.3067601538364144,1.6692830546376403,0.9054230184830381,2.707138573052223,1.5492000000000008,3.035199999999998,1.485999999999997,1962.41011665,0,0,0,0
TRN-0036,16.9204,43.4907,39.3973,33.6326,10.7918,10.9189,13.9573,28.7296,18.2157,Valid,-0.36270756085984246,0.44197303551393574,0.3523868926349394,-0.5887910859326126,0.36270756085984246,0.44197303551393574,0.3523868926349394,0.12710000000000043,3.1654999999999998,3.0383999999999993,735.88004028,0,0,0,0
TRN-0655,21.322,83.0772,45.3964,35.2913,15.2434,15.9841,19.0301,67.443,34.4756,Valid,0.8544773373601586,-0.14178484675878522,-0.9304732990443902,4.01658968416832,0.8544773373601586,0.14178484675878522,0.9304732990443902,0.7407000000000004,3.7867000000000015,3.046000000000001,1771.3720584,0,0,0,0
TRN-0419,8.5951,98.1424,45.6516,9.1583,9.5852,12.6494,10.9585,63.7497,39.859,Valid,2.4235150580492846,-1.0334166187959237,-4.818335873428808,-1.01076378131566,2.4235150580492846,1.0334166187959237,4.818335873428808,3.0641999999999996,1.3733000000000004,-1.6908999999999992,843.54374224,0,0,0,0
TRN-0800,19.7012,86.7513,31.5115,52.1103,14.9638,15.6935,18.3355,37.307,31.5476,Valid,0.8033929183777104,-0.4794297670138512,-1.2605678761269346,-1.056219957448267,0.8033929183777104,0.4794297670138512,1.2605678761269346,0.7296999999999993,3.371699999999999,2.6419999999999995,1709.10471156,0,0,0,0
TRN-0298,18.1743,69.2155,40.5882,54.384,13.1973,13.8308,16.659,68.1312,26.9194,Valid,0.46067742985986904,0.09411212001201008,-0.6002680109141885,2.6142114295904406,0.46067742985986904,0.09411212001201008,0.6002680109141885,0.6334999999999997,3.4616999999999987,2.828199999999999,1257.94326165,0,0,0,0
TRN-0146,11.0542,26.6928,44.529,46.8693,7.4141,7.7295,9.7895,38.8963,15.9725,Valid,-0.5830999589951595,0.5282194612632889,0.18902965543909467,-1.380949522898046,0.5830999589951595,0.5282194612632889,0.18902965543909467,0.31539999999999946,2.3754,2.0600000000000005,295.06754975999996,0,0,0,0
TRN-0074,30.0968,32.2241,35.629,38.7023,16.5086,5.949,22.018,41.9803,21.1645,Invalid,-10.260796768690751,1.2280774574361537,14.653865240940583,3.4048968328510973,10.260796768690751,1.2280774574361537,14.653865240940583,-10.559600000000001,5.509399999999999,16.069000000000003,969.8422928800001,0,0,0,0
TRN-0358,21.9169,69.2729,27.4127,57.3516,23.2412,14.8395,18.8472,57.6618,24.2571,Invalid,-7.0179551708110015,-10.63013124854698,0.322413567160897,-0.06794472810708285,7.0179551708110015,10.63013124854698,0.322413567160897,-8.4017,-4.393999999999998,4.007700000000002,1518.24722201,0,0,0,0
TRN-0521,30.8301,49.2877,22.913,21.7955,17.7515,15.7744,22.803,47.6397,21.1624,Valid,-1.4907224981032883,0.4190877839372149,3.105456029309508,1.5949316988433786,1.4907224981032883,0.4190877839372149,3.105456029309508,-1.9771,5.051500000000001,7.028600000000001,1519.54471977,0,0,0,0
TRN-0598,21.3932,55.3268,23.3942,48.6738,14.2356,13.521,18.1062,32.255,19.6008,Valid,-0.743936647770143,0.21988394345775575,1.2356465889926511,-1.0068215667620635,0.743936647770143,0.21988394345775575,1.2356465889926511,-0.714599999999999,3.8706000000000014,4.5852,1183.61729776,0,0,0,0
TRN-0242,30.3616,64.6342,31.7954,28.9432,18.6656,17.155,23.9571,62.4181,26.6204,Valid,-0.8825950329418646,0.39804837699599105,2.5280044778320914,3.768680287756613,0.8825950329418646,0.39804837699599105,2.5280044778320914,-1.5106000000000002,5.291499999999999,6.802099999999999,1962.3977267200003,0,0,0,0
TRN-0285,17.7964,18.2136,35.4373,55.6627,10.1469,9.1725,13.6656,68.1464,16.6974,Valid,-1.5455231457959666,0.9650204315509949,2.2531374379489932,-0.02006409245906582,1.5455231457959666,0.9650204315509949,2.2531374379489932,-0.974400000000001,3.518699999999999,4.4931,324.13651103999996,0,0,0,0
TRN-0786,11.544,102.3093,38.2807,43.7299,11.7398,14.1771,13.633,64.3894,42.5382,Valid,2.0698402080826757,-1.082167647081894,-4.060758765657386,-2.0280955623522274,2.0698402080826757,1.082167647081894,4.060758765657386,2.4372999999999987,1.8931999999999984,-0.5441000000000003,1181.0585592,0,0,0,0
TRN-0976,24.2635,37.3892,33.5862,45.49,14.1304,12.7538,18.4596,45.4709,19.2066,Valid,-1.4206575042222287,0.7073111266600591,2.551751406678793,1.0210443865212824,1.4206575042222287,0.7073111266600591,2.551751406678793,-1.3765999999999998,4.329199999999998,5.705799999999998,907.1928542,0,0,0,0
TRN-0467,28.4198,43.3529,39.5156,49.0356,16.6095,14.8325,21.9299,57.9675,22.49,Valid,-1.4631840254937067,1.0107408727238898,3.4138951302980587,3.7013279372480667,1.4631840254937067,1.0107408727238898,3.4138951302980587,-1.777000000000001,5.320399999999999,7.0974,1232.0807474199999,0,0,0,0
TRN-0186,22.8272,95.3947,34.7263,28.3226,16.8659,17.4628,20.8694,32.5902,39.037,Valid,0.9490360360906678,-0.37829746113722607,-0.9456900069824741,0.3993855186805533,0.9490360360906678,0.37829746113722607,0.9456900069824741,0.5969000000000015,4.003499999999999,3.4065999999999974,2177.59389584,0,0,0,0
TRN-0592,22.821,20.5096,25.9169,35.7305,12.4104,10.5864,16.6569,55.5549,16.7186,Valid,-2.1028900765865917,1.0914275211496758,3.4693669155593465,-0.1809798343471627,2.1028900765865917,1.0914275211496758,3.4693669155593465,-1.8239999999999998,4.246500000000001,6.070500000000001,468.0495816,0,0,0,0
TRN-1000,26.6318,52.237,18.0,19.3886,15.6335,14.2114,19.7274,53.1397,19.2422,Valid,-1.2519097051105934,0.05711407555764936,1.9906074282192954,-0.7979906904912575,1.2519097051105934,0.05711407555764936,1.9906074282192954,-1.4221000000000004,4.0939,5.516,1391.1653366,0,0,0,0
TRN-0852,27.0525,96.1578,35.4219,5.1608,18.2324,18.3623,22.7426,,40.6205,Valid,0.6903982241791233,-0.25924397148406086,-0.20039953961150658,1.3788720642657353,0.6903982241791233,0.25924397148406086,0.20039953961150658,0.1299000000000028,4.510200000000001,4.380299999999998,2601.3088844999997,0,0,0,1
TRN-0955,26.4383,82.8779,55.0,30.3299,17.6575,18.2482,22.4962,52.7821,49.6297,Valid,1.0626900717038943,0.2329954400426324,-0.303734631348636,19.28035202458057,1.0626900717038943,0.2329954400426324,0.303734631348636,0.5907000000000018,4.838700000000003,4.248000000000001,2191.15078357,0,0,0,0
TRN-0125,19.6803,26.1334,47.9709,25.1259,11.2459,10.6531,14.9109,48.4915,20.6012,Valid,-1.0244199260075817,0.8211608944795614,1.6396381853895292,3.287862187696401,1.0244199260075817,0.8211608944795614,1.6396381853895292,-0.5928000000000004,3.664999999999999,4.2578,514.31315202,0,0,0,0
TRN-0570,28.9539,53.4652,32.5587,57.3032,9.9563,16.426,22.727,59.2031,22.9629,Invalid,5.874840836703044,10.266990380797127,2.2121731353931686,2.7064772126698493,5.874840836703044,10.266990380797127,2.2121731353931686,6.469699999999998,12.7707,6.301000000000002,1548.0260542800002,0,0,0,0
TRN-0189,28.0795,87.7125,35.8628,8.9414,18.1591,18.0504,22.5456,39.2104,35.0691,Valid,0.44044487498431906,-0.3620143922345207,-0.006316209763241432,1.8645245778107835,0.44044487498431906,0.3620143922345207,0.006316209763241432,-0.10869999999999891,4.386500000000002,4.4952000000000005,2462.9231437500002,0,0,0,0
TRN-0470,13.4852,26.4721,36.3935,26.4129,8.1837,8.2053,10.4649,77.6793,15.044,Valid,-0.7875211809207201,0.23722504503499664,0.26691860432672776,-2.2936245774919115,0.7875211809207201,0.23722504503499664,0.26691860432672776,0.021599999999999397,2.2812,2.2596000000000007,356.98156292000004,0,0,0,0
TRN-0003,31.005,101.7031,29.9077,29.4333,20.8706,20.494,25.705,51.6998,45.8035,Valid,0.6058574288873615,-0.6985973054393639,0.0896077073872199,1.7989890243070334,0.6058574288873615,0.6985973054393639,0.0896077073872199,-0.3765999999999998,4.834399999999999,5.2109999999999985,3153.3046155,0,0,0,0
TRN-0442,30.6434,53.8376,32.1864,19.2467,17.7871,16.0427,22.9994,67.4393,22.3594,Valid,-1.252565043137846,0.569766352261567,2.965325470200874,2.0350278983380043,1.252565043137846,0.569766352261567,2.965325470200874,-1.7443999999999988,5.212300000000003,6.956700000000001,1649.76711184,0,0,0,0
TRN-0716,8.1937,31.9047,40.42,53.7509,6.1854,7.2116,7.7697,55.6906,14.421,Valid,-0.010421244699115206,0.047788834895229115,-1.1803415134365078,-3.3141993708810418,0.010421244699115206,0.047788834895229115,1.1803415134365078,1.0262000000000002,1.5843000000000007,0.5581000000000005,261.41754039,0,0,0,0
TRN-0678,22.2523,57.734,28.2572,33.8496,14.4608,13.6746,18.2936,45.7141,19.8362,Valid,-0.7838852731139294,0.12026732565262677,1.2303181749695966,-1.2702692232087323,0.7838852731139294,0.12026732565262677,1.2303181749695966,-0.7862000000000009,3.8328000000000007,4.6190000000000015,1284.7142882,0,0,0,0
TRN-0978,29.6916,34.0954,36.4183,7.569,16.4078,14.5572,21.9698,77.4425,20.8658,Valid,-1.5667567425568816,1.308956798283461,3.799168783796869,2.9593629235353163,1.5667567425568816,1.308956798283461,3.799168783796869,-1.8506000000000018,5.561999999999998,7.412599999999999,1012.34697864,0,0,0,0
TRN-0350,21.452,28.3591,30.3015,6.641,11.9595,10.8367,15.791,59.1218,17.1638,Valid,-1.4614274602861261,0.7974000640397296,2.289268827985346,-0.3094648920011487,1.4614274602861261,0.7974000640397296,2.289268827985346,-1.1227999999999998,3.8315,4.9543,608.3594132000001,0,0,0,0
TRN-0924,16.0857,15.5071,28.7113,49.5399,8.8379,7.913,11.7744,40.6311,14.9855,Valid,-1.656308679289637,0.7239036407397155,1.943484758993474,-1.5002798998983753,1.656308679289637,0.7239036407397155,1.943484758993474,-0.9248999999999992,2.9365000000000006,3.8613999999999997,249.44255846999997,0,0,0,0
TRN-0918,22.5775,45.7229,27.6436,22.427,,12.7552,17.5525,48.2208,18.8499,Invalid,,,1.6428945450765262,-0.22489153588032096,,,1.6428945450765262,,,4.797299999999998,1032.30877475,1,0,0,0
TRN-0552,31.7367,93.174,36.9449,26.5721,21.0587,20.5685,26.6096,49.686,40.9406,Valid,0.5233333004154801,-0.03730007922358425,0.9008267167595072,3.992777491539215,0.5233333004154801,0.03730007922358425,0.9008267167595072,-0.4902000000000015,5.550899999999999,6.0411,2957.0352858,0,0,0,0
TRN-0999,17.3189,39.7274,22.4561,25.1758,10.7576,10.0099,13.8466,61.3193,15.8237,Valid,-1.2418587705320903,0.37451024935264243,1.3827841956914444,-2.5809273733847764,1.2418587705320903,0.37451024935264243,1.3827841956914444,-0.7477,3.0890000000000004,3.8367000000000004,688.0348678600001,0,0,0,0
TRN-0444,22.1475,17.4918,48.452,25.6791,11.9534,10.9397,16.1779,39.0296,21.4587,Valid,-1.3531304221040212,1.1920326426830457,2.546877796924136,4.801008578156839,1.3531304221040212,1.1920326426830457,2.546877796924136,-1.0137,4.224500000000001,5.238200000000001,387.39964050000003,0,0,0,0
TRN-0118,17.225,17.998,31.2125,18.4846,13.2507,2.3372,12.8889,33.3767,15.7524,Invalid,-11.07904107329626,-3.7438737932062693,10.063076490601455,-0.9473501033082332,11.07904107329626,3.7438737932062693,10.063076490601455,-10.913499999999999,-0.36180000000000057,10.5517,310.01555,0,0,0,0
TRN-0950,13.3577,103.8261,34.66,27.5427,12.3709,14.5408,24.5374,70.1512,42.9187,Invalid,1.885746490080841,9.022048333942983,6.387343618412135,-3.0900007776032012,1.885746490080841,9.022048333942983,6.387343618412135,2.1699,12.166500000000001,9.9966,1386.8778959699998,0,0,0,0
TRN-0642,26.0234,20.5917,25.5081,18.3233,14.0169,19.2132,18.5738,72.7639,17.9536,Invalid,5.136406463240466,0.9660770965583687,-5.436027809089303,1.0477037875424777,5.136406463240466,0.9660770965583687,5.436027809089303,5.196300000000001,4.556899999999999,-0.639400000000002,535.8660457799999,0,0,0,0
TRN-0953,25.3769,64.1776,55.0,36.5896,16.4129,16.417,21.1623,46.4387,43.8394,Valid,0.2886992512921225,0.4949266983092713,0.6587610283994465,21.118912355258825,0.2886992512921225,0.4949266983092713,0.6587610283994465,0.004100000000001103,4.749399999999998,4.745299999999997,1628.62853744,0,0,0,0
TRN-0821,22.0135,69.1617,44.4028,12.3592,14.6651,15.0965,18.624,64.6883,28.3474,Valid,0.46259218082172815,0.190161835277614,-0.22318886007759886,4.060783931419575,0.46259218082172815,0.190161835277614,0.22318886007759886,0.4314,3.958899999999998,3.527499999999998,1522.49108295,0,0,0,0
TRN-0487,21.9062,62.304,32.0312,24.7918,14.2662,14.1283,18.2479,36.3827,23.6253,Valid,-0.1629469812944997,0.3225928902923627,0.6153675562282714,1.4189454465032831,0.1629469812944997,0.3225928902923627,0.6153675562282714,-0.13790000000000013,3.981700000000002,4.119600000000002,1364.8438847999998,0,0,0,0
TRN-0871,29.6718,78.684,39.5392,15.528,18.6499,18.1576,23.9128,45.0982,32.4221,Valid,0.13324617729700705,0.37395205353483973,1.2264664204310591,4.228337480309072,0.13324617729700705,0.37395205353483973,1.2264664204310591,-0.4923000000000002,5.262900000000002,5.755200000000002,2334.6959112,0,0,0,0
TRN-0683,21.9239,53.253,38.5191,9.8962,17.3202,7.0374,17.6327,39.7699,20.5016,Invalid,-9.862165194620578,-4.197578183906689,8.901447024474962,0.2833930430720706,9.862165194620578,4.197578183906689,8.901447024474962,-10.2828,0.3125,10.5953,1167.5134467,0,0,0,0
TRN-0555,28.8941,48.0674,24.3217,27.9187,16.9022,14.9453,22.1869,31.0964,20.6918,Valid,-1.599318974505291,0.8926742676102783,3.529387637008032,1.3020849191620698,1.599318974505291,0.8926742676102783,3.529387637008032,-1.956900000000001,5.284700000000001,7.241600000000002,1388.86426234,0,0,0,0
TRN-0085,11.2378,16.8026,28.0457,14.052,6.7369,6.2907,9.02,61.471,12.9026,Valid,-1.421521757280022,0.6076810446191967,1.2266384381550708,-3.696713119807473,1.421521757280022,0.6076810446191967,1.2266384381550708,-0.44620000000000015,2.2830999999999992,2.7292999999999994,188.82425828,0,0,0,0
TRN-0685,31.8763,87.9656,35.5841,42.6868,20.5022,19.7731,25.75,52.2359,37.7807,Valid,0.19287639349966668,-0.17737490809574652,1.0382638138236082,4.415126158599172,0.19287639349966668,0.17737490809574652,1.0382638138236082,-0.729099999999999,5.247800000000002,5.9769000000000005,2804.01785528,0,0,0,0
TRN-0888,29.1316,87.2646,32.8035,33.0805,21.8279,24.0598,24.2703,61.1365,35.2834,Invalid,3.373884609742934,-3.3725976751191133,-5.813422161289804,2.360858224593855,3.373884609742934,3.3725976751191133,5.813422161289804,2.2318999999999996,2.4423999999999992,0.2104999999999997,2542.1574213599997,0,0,0,0
TRN-0609,28.7022,49.8082,35.574,32.2327,16.4982,15.1114,21.3608,42.7087,21.5634,Valid,-1.089542010185145,0.5841965156204978,2.4949197076519702,1.9170468265608136,1.089542010185145,0.5841965156204978,2.4949197076519702,-1.386800000000001,4.8626000000000005,6.249400000000001,1429.60491804,0,0,0,0
TRN-0182,28.9134,69.877,35.6098,49.2626,18.3843,17.4357,23.2013,41.1466,28.8087,Valid,-0.3645104153349159,0.0041344820840372165,1.4201938461459207,4.272107285589829,0.3645104153349159,0.0041344820840372165,1.4201938461459207,-0.948599999999999,4.817,5.765599999999999,2020.3816517999999,0,0,0,0
TRN-0211,29.5815,96.4859,33.6394,22.865,19.5361,19.4533,24.3634,21.8384,41.8311,Valid,0.6829723667735266,-0.31696826666368594,0.05256799227359821,2.3260417251141874,0.6829723667735266,0.31696826666368594,0.05256799227359821,-0.08280000000000243,4.8272999999999975,4.9101,2854.1976508499997,0,0,0,0
TRN-0574,26.7868,108.7878,45.2297,26.2494,19.1576,20.2134,23.4315,52.4351,56.3026,Valid,1.761323004598495,-0.7610442014429601,-1.8321687330404473,5.197447296557627,1.761323004598495,0.7610442014429601,1.8321687330404473,1.0558000000000014,4.273900000000001,3.2180999999999997,2914.07704104,0,0,0,0
TRN-0648,12.2535,84.2097,34.1778,23.3351,10.7455,12.535,12.8661,49.7019,27.754,Valid,1.2938028104682218,-0.590693177325246,-2.7671716847204717,-3.341018001597522,1.2938028104682218,0.590693177325246,2.7671716847204717,1.7895000000000003,2.1205999999999996,0.3310999999999993,1031.86355895,0,0,0,0
TRN-0665,10.6599,55.4415,45.4533,57.3204,8.7772,10.33,10.7495,50.0292,15.8353,Invalid,0.8141136211948883,-0.22459913948714494,-2.116165514886573,-4.794920745845658,0.8141136211948883,0.22459913948714494,2.116165514886573,1.5527999999999995,1.9722999999999988,0.4194999999999993,591.00084585,0,0,0,0
TRN-0966,10.2322,24.649,29.244,29.8759,6.378,6.8095,8.3687,35.6748,13.3057,Valid,-0.5838424861159242,0.40577729474860114,-0.07631065961035688,-3.90090980541032,0.5838424861159242,0.40577729474860114,0.07631065961035688,0.4314999999999998,1.9907000000000004,1.5592000000000006,252.21349780000003,0,0,0,0
TRN-0064,29.9458,73.9712,26.1227,21.0852,18.5312,17.6543,23.3809,46.6224,26.9808,Valid,-0.2699137948861434,-0.0052207377849669,1.3256697341138128,0.8819990114456253,0.2699137948861434,0.0052207377849669,1.3256697341138128,-0.8768999999999991,4.849700000000002,5.726600000000001,2215.12676096,0,0,0,0
TRN-0499,16.3503,36.5196,38.889,45.5942,10.4687,9.9585,24.1552,37.4683,17.1232,Invalid,-1.0409410821213854,11.048217047106585,11.755912939404801,-0.985652175022679,1.0409410821213854,11.048217047106585,11.755912939404801,-0.5101999999999993,13.6865,14.1967,597.10641588,0,0,0,0
TRN-0334,14.8769,107.2819,28.9216,39.1291,13.3181,15.2609,15.5173,60.8696,45.5134,Valid,1.7864646038832515,-1.2011691888494607,-3.536119529269902,-3.982447583125804,1.7864646038832515,1.2011691888494607,3.536119529269902,1.9428,2.199200000000001,0.25640000000000107,1596.02209811,0,0,0,0
TRN-0352,10.5874,42.421,34.8628,33.0266,7.567,8.2445,9.545,51.1579,15.1699,Valid,-0.2034183925362658,0.09185664155718598,-0.7022069703658929,-3.5142759441908726,0.2034183925362658,0.09185664155718598,0.7022069703658929,0.6775000000000002,1.9779999999999998,1.3004999999999995,449.1280954,0,0,0,0
TRN-0448,30.1259,65.5198,38.2584,11.9638,18.4846,17.4073,23.6323,39.9026,28.5721,Valid,-0.47758583101867913,0.30612683202824087,1.886808069477894,5.459025274138188,0.47758583101867913,0.30612683202824087,1.886808069477894,-1.077300000000001,5.1477,6.225000000000001,1973.8429428200002,0,0,0,0
TRN-0701,8.0832,102.2184,27.279,41.7623,9.837,12.5588,11.2025,50.148,38.0511,Valid,2.112152933523019,-1.106985546215288,-4.460639262750242,-6.430425029007672,2.112152933523019,1.106985546215288,4.460639262750242,2.7218,1.3655000000000008,-1.3562999999999992,826.25177088,0,0,0,0
TRN-0077,28.6141,92.9727,24.1137,57.8035,1.0,18.8709,24.1812,38.1393,36.4665,Invalid,16.31335910291194,22.908083574573038,0.6005194035692085,-0.3330699489384443,16.31335910291194,22.908083574573038,0.6005194035692085,17.8709,23.1812,5.310300000000002,2660.3301350700003,0,0,0,0
TRN-0900,14.0411,33.1688,32.8892,5.0829,8.7505,8.8766,11.533,55.739,15.1575,Valid,-0.6157832584507332,0.5925022214746569,0.49207060645281686,-2.6753513928831456,0.6157832584507332,0.5925022214746569,0.49207060645281686,0.1260999999999992,2.782499999999999,2.6563999999999997,465.72643767999995,0,0,0,0
TRN-0034,11.1801,81.6207,24.0033,51.6781,10.9195,12.251,12.6476,57.4131,23.8279,Valid,0.8579780300485886,-1.0292008334369633,-2.629260418880783,-5.845069782511477,0.8579780300485886,1.0292008334369633,2.629260418880783,1.3315000000000001,1.7281000000000013,0.3966000000000012,912.52758807,0,0,0,0
TRN-0239,16.2927,22.5266,18.0,56.5085,9.3918,8.2446,12.2663,53.6154,14.4998,Valid,-1.8115637365422135,0.5181750240862009,2.0189674545586396,-2.551887101346292,1.8115637365422135,0.5181750240862009,2.0189674545586396,-1.1471999999999998,2.8744999999999994,4.021699999999999,367.01913582,0,0,0,0
TRN-0535,26.1926,94.0394,24.7273,10.6431,17.7601,8.933,21.8885,29.1698,35.5601,Invalid,-8.339404556890017,-0.5064569479877861,10.776753279016088,-2.0343257184754577,8.339404556890017,0.5064569479877861,10.776753279016088,-8.827100000000002,4.128399999999999,12.9555,2463.13638844,0,0,0,0
TRN-0373,22.3964,35.4825,35.1415,9.346,13.1843,12.0804,17.3384,57.9593,18.6685,Valid,-1.2784936104836166,0.7900374151571654,2.275644639576962,0.6481623931661531,1.2784936104836166,0.7900374151571654,2.275644639576962,-1.1039000000000012,4.1541,5.258000000000001,794.6802630000001,0,0,0,0
TRN-0539,9.3981,58.666,37.814,54.2995,7.9371,9.6094,9.7017,51.1548,16.8214,Valid,0.8342991592393805,-0.21613189247287856,-2.259305711484222,-4.492560869877362,0.8342991592393805,0.21613189247287856,2.259305711484222,1.6723000000000008,1.7646000000000006,0.09229999999999983,551.3489345999999,0,0,0,0
TRN-0141,16.714,29.6168,30.5975,6.9082,9.8028,9.156,12.851,54.5636,15.9219,Valid,-1.2606765644330515,0.584657999866879,1.4592544666382068,-1.642770330565039,1.2606765644330515,0.584657999866879,1.4592544666382068,-0.6467999999999989,3.0482000000000014,3.6950000000000003,495.0151952,0,0,0,0
